DATAFLOW,LAST UPDATE,freq,indic_de,geo,TIME_PERIOD,OBS_VALUE,OBS_FLAG
ESTAT:DEMO_GIND(1.0),27/11/23 23:00:00,A,JAN,AD,2001,65844,
ESTAT:DEMO_GIND(1.0),27/11/23 23:00:00,A,JAN,AD,2002,66334,
ESTAT:DEMO_GIND(1.0),27/11/23 23:00:00,A,JAN,AD,2003,67159,
ESTAT:DEMO_GIND(1.0),27/11/23 23:00:00,A,JAN,AD,2004,72320,
ESTAT:DEMO_GIND(1.0),27/11/23 23:00:00,A,JAN,AD,2005,76875,
ESTAT:DEMO_GIND(1.0),27/11/23 23:00:00,A,JAN,AD,2006,78549,
ESTAT:DEMO_GIND(1.0),27/11/23 23:00:00,A,JAN,AD,2007,81222,
ESTAT:DEMO_GIND(1.0),27/11/23 23:00:00,A,JAN,AD,2008,83137,
ESTAT:DEMO_GIND(1.0),27/11/23 23:00:00,A,JAN,AD,2009,84484,
ESTAT:DEMO_GIND(1.0),27/11/23 23:00:00,A,JAN,AD,2010,84082,
ESTAT:DEMO_GIND(1.0),27/11/23 23:00:00,A,JAN,AD,2011,78115,b
ESTAT:DEMO_GIND(1.0),27/11/23 23:00:00,A,JAN,AD,2012,78115,
ESTAT:DEMO_GIND(1.0),27/11/23 23:00:00,A,JAN,AD,2013,76246,
ESTAT:DEMO_GIND(1.0),27/11/23 23:00:00,A,JAN,AD,2016,71732,
ESTAT:DEMO_GIND(1.0),27/11/23 23:00:00,A,JAN,AD,2018,74794,e
ESTAT:DEMO_GIND(1.0),27/11/23 23:00:00,A,JAN,AD,2019,76177,
ESTAT:DEMO_GIND(1.0),27/11/23 23:00:00,A,JAN,AD,2020,77543,e
ESTAT:DEMO_GIND(1.0),27/11/23 23:00:00,A,JAN,AD,2022,79535,
ESTAT:DEMO_GIND(1.0),27/11/23 23:00:00,A,JAN,AD,2023,81588,
ESTAT:DEMO_GIND(1.0),27/11/23 23:00:00,A,JAN,AL,2001,3063320,
ESTAT:DEMO_GIND(1.0),27/11/23 23:00:00,A,JAN,AL,2002,3057018,
ESTAT:DEMO_GIND(1.0),27/11/23 23:00:00,A,JAN,AL,2003,3044993,
ESTAT:DEMO_GIND(1.0),27/11/23 23:00:00,A,JAN,AL,2004,3034231,
ESTAT:DEMO_GIND(1.0),27/11/23 23:00:00,A,JAN,AL,2005,3019634,
ESTAT:DEMO_GIND(1.0),27/11/23 23:00:00,A,JAN,AL,2006,3003329,
ESTAT:DEMO_GIND(1.0),27/11/23 23:00:00,A,JAN,AL,2007,2981755,
ESTAT:DEMO_GIND(1.0),27/11/23 23:00:00,A,JAN,AL,2008,2958266,
ESTAT:DEMO_GIND(1.0),27/11/23 23:00:00,A,JAN,AL,2009,2936355,
ESTAT:DEMO_GIND(1.0),27/11/23 23:00:00,A,JAN,AL,2010,2918674,
ESTAT:DEMO_GIND(1.0),27/11/23 23:00:00,A,JAN,AL,2011,2907361,
ESTAT:DEMO_GIND(1.0),27/11/23 23:00:00,A,JAN,AL,2012,2903008,
ESTAT:DEMO_GIND(1.0),27/11/23 23:00:00,A,JAN,AL,2013,2897770,
ESTAT:DEMO_GIND(1.0),27/11/23 23:00:00,A,JAN,AL,2014,2892394,
ESTAT:DEMO_GIND(1.0),27/11/23 23:00:00,A,JAN,AL,2015,2885796,
ESTAT:DEMO_GIND(1.0),27/11/23 23:00:00,A,JAN,AL,2016,2875592,
ESTAT:DEMO_GIND(1.0),27/11/23 23:00:00,A,JAN,AL,2017,2876591,
ESTAT:DEMO_GIND(1.0),27/11/23 23:00:00,A,JAN,AL,2018,2870324,
ESTAT:DEMO_GIND(1.0),27/11/23 23:00:00,A,JAN,AL,2019,2862427,
ESTAT:DEMO_GIND(1.0),27/11/23 23:00:00,A,JAN,AL,2020,2845955,
ESTAT:DEMO_GIND(1.0),27/11/23 23:00:00,A,JAN,AL,2021,2829741,
ESTAT:DEMO_GIND(1.0),27/11/23 23:00:00,A,JAN,AL,2022,2793592,
ESTAT:DEMO_GIND(1.0),27/11/23 23:00:00,A,JAN,AL,2023,2761785,
ESTAT:DEMO_GIND(1.0),27/11/23 23:00:00,A,JAN,AM,2001,3215300,
ESTAT:DEMO_GIND(1.0),27/11/23 23:00:00,A,JAN,AM,2002,3212900,
ESTAT:DEMO_GIND(1.0),27/11/23 23:00:00,A,JAN,AM,2003,3210300,
ESTAT:DEMO_GIND(1.0),27/11/23 23:00:00,A,JAN,AM,2004,3212200,
ESTAT:DEMO_GIND(1.0),27/11/23 23:00:00,A,JAN,AM,2005,3215800,
ESTAT:DEMO_GIND(1.0),27/11/23 23:00:00,A,JAN,AM,2006,3219234,
ESTAT:DEMO_GIND(1.0),27/11/23 23:00:00,A,JAN,AM,2007,3222953,
ESTAT:DEMO_GIND(1.0),27/11/23 23:00:00,A,JAN,AM,2008,3230086,
ESTAT:DEMO_GIND(1.0),27/11/23 23:00:00,A,JAN,AM,2009,3237976,
ESTAT:DEMO_GIND(1.0),27/11/23 23:00:00,A,JAN,AM,2010,3249482,
ESTAT:DEMO_GIND(1.0),27/11/23 23:00:00,A,JAN,AM,2011,3262650,
ESTAT:DEMO_GIND(1.0),27/11/23 23:00:00,A,JAN,AM,2012,3274285,
ESTAT:DEMO_GIND(1.0),27/11/23 23:00:00,A,JAN,AM,2013,3026878,
ESTAT:DEMO_GIND(1.0),27/11/23 23:00:00,A,JAN,AM,2014,3017079,
ESTAT:DEMO_GIND(1.0),27/11/23 23:00:00,A,JAN,AM,2015,3010598,
ESTAT:DEMO_GIND(1.0),27/11/23 23:00:00,A,JAN,AM,2016,2998577,
ESTAT:DEMO_GIND(1.0),27/11/23 23:00:00,A,JAN,AM,2017,2986151,
ESTAT:DEMO_GIND(1.0),27/11/23 23:00:00,A,JAN,AM,2018,2972732,
ESTAT:DEMO_GIND(1.0),27/11/23 23:00:00,A,JAN,AM,2019,2965269,
ESTAT:DEMO_GIND(1.0),27/11/23 23:00:00,A,JAN,AM,2020,2959694,
ESTAT:DEMO_GIND(1.0),27/11/23 23:00:00,A,JAN,AM,2021,2963251,
ESTAT:DEMO_GIND(1.0),27/11/23 23:00:00,A,JAN,AM,2023,2977130,
ESTAT:DEMO_GIND(1.0),27/11/23 23:00:00,A,JAN,AT,2001,8020946,
ESTAT:DEMO_GIND(1.0),27/11/23 23:00:00,A,JAN,AT,2002,8063640,
ESTAT:DEMO_GIND(1.0),27/11/23 23:00:00,A,JAN,AT,2003,8100273,
ESTAT:DEMO_GIND(1.0),27/11/23 23:00:00,A,JAN,AT,2004,8142573,
ESTAT:DEMO_GIND(1.0),27/11/23 23:00:00,A,JAN,AT,2005,8201359,
ESTAT:DEMO_GIND(1.0),27/11/23 23:00:00,A,JAN,AT,2006,8254298,
ESTAT:DEMO_GIND(1.0),27/11/23 23:00:00,A,JAN,AT,2007,8282984,
ESTAT:DEMO_GIND(1.0),27/11/23 23:00:00,A,JAN,AT,2008,8307989,
ESTAT:DEMO_GIND(1.0),27/11/23 23:00:00,A,JAN,AT,2009,8335003,
ESTAT:DEMO_GIND(1.0),27/11/23 23:00:00,A,JAN,AT,2010,8351643,
ESTAT:DEMO_GIND(1.0),27/11/23 23:00:00,A,JAN,AT,2011,8375164,
ESTAT:DEMO_GIND(1.0),27/11/23 23:00:00,A,JAN,AT,2012,8408121,
ESTAT:DEMO_GIND(1.0),27/11/23 23:00:00,A,JAN,AT,2013,8451860,
ESTAT:DEMO_GIND(1.0),27/11/23 23:00:00,A,JAN,AT,2014,8507786,
ESTAT:DEMO_GIND(1.0),27/11/23 23:00:00,A,JAN,AT,2015,8584926,
ESTAT:DEMO_GIND(1.0),27/11/23 23:00:00,A,JAN,AT,2016,8700471,
ESTAT:DEMO_GIND(1.0),27/11/23 23:00:00,A,JAN,AT,2017,8772865,
ESTAT:DEMO_GIND(1.0),27/11/23 23:00:00,A,JAN,AT,2018,8822267,
ESTAT:DEMO_GIND(1.0),27/11/23 23:00:00,A,JAN,AT,2019,8858775,
ESTAT:DEMO_GIND(1.0),27/11/23 23:00:00,A,JAN,AT,2020,8901064,
ESTAT:DEMO_GIND(1.0),27/11/23 23:00:00,A,JAN,AT,2021,8932664,
ESTAT:DEMO_GIND(1.0),27/11/23 23:00:00,A,JAN,AT,2022,8978929,
ESTAT:DEMO_GIND(1.0),27/11/23 23:00:00,A,JAN,AT,2023,9104772,
ESTAT:DEMO_GIND(1.0),27/11/23 23:00:00,A,JAN,AZ,2001,8081000,
ESTAT:DEMO_GIND(1.0),27/11/23 23:00:00,A,JAN,AZ,2002,8141400,
ESTAT:DEMO_GIND(1.0),27/11/23 23:00:00,A,JAN,AZ,2003,8202500,
ESTAT:DEMO_GIND(1.0),27/11/23 23:00:00,A,JAN,AZ,2004,8265700,
ESTAT:DEMO_GIND(1.0),27/11/23 23:00:00,A,JAN,AZ,2005,8347300,
ESTAT:DEMO_GIND(1.0),27/11/23 23:00:00,A,JAN,AZ,2006,8436400,
ESTAT:DEMO_GIND(1.0),27/11/23 23:00:00,A,JAN,AZ,2007,8532700,
ESTAT:DEMO_GIND(1.0),27/11/23 23:00:00,A,JAN,AZ,2008,8629900,
ESTAT:DEMO_GIND(1.0),27/11/23 23:00:00,A,JAN,AZ,2009,8896900,
ESTAT:DEMO_GIND(1.0),27/11/23 23:00:00,A,JAN,AZ,2010,8997586,
ESTAT:DEMO_GIND(1.0),27/11/23 23:00:00,A,JAN,AZ,2011,9111078,
ESTAT:DEMO_GIND(1.0),27/11/23 23:00:00,A,JAN,AZ,2012,9235085,
ESTAT:DEMO_GIND(1.0),27/11/23 23:00:00,A,JAN,AZ,2013,9356483,
ESTAT:DEMO_GIND(1.0),27/11/23 23:00:00,A,JAN,AZ,2014,9477119,
ESTAT:DEMO_GIND(1.0),27/11/23 23:00:00,A,JAN,AZ,2015,9593038,
ESTAT:DEMO_GIND(1.0),27/11/23 23:00:00,A,JAN,AZ,2016,9705643,
ESTAT:DEMO_GIND(1.0),27/11/23 23:00:00,A,JAN,AZ,2017,9809981,
ESTAT:DEMO_GIND(1.0),27/11/23 23:00:00,A,JAN,AZ,2018,9898085,
ESTAT:DEMO_GIND(1.0),27/11/23 23:00:00,A,JAN,AZ,2019,9981457,
ESTAT:DEMO_GIND(1.0),27/11/23 23:00:00,A,JAN,AZ,2020,10067108,
ESTAT:DEMO_GIND(1.0),27/11/23 23:00:00,A,JAN,AZ,2021,10119133,
ESTAT:DEMO_GIND(1.0),27/11/23 23:00:00,A,JAN,AZ,2022,10156366,
ESTAT:DEMO_GIND(1.0),27/11/23 23:00:00,A,JAN,AZ,2023,10127145,
ESTAT:DEMO_GIND(1.0),27/11/23 23:00:00,A,JAN,BA,2001,3789717,e
ESTAT:DEMO_GIND(1.0),27/11/23 23:00:00,A,JAN,BA,2002,3813167,e
ESTAT:DEMO_GIND(1.0),27/11/23 23:00:00,A,JAN,BA,2003,3830349,e
ESTAT:DEMO_GIND(1.0),27/11/23 23:00:00,A,JAN,BA,2004,3837414,e
ESTAT:DEMO_GIND(1.0),27/11/23 23:00:00,A,JAN,BA,2005,3842532,e
ESTAT:DEMO_GIND(1.0),27/11/23 23:00:00,A,JAN,BA,2006,3842650,
ESTAT:DEMO_GIND(1.0),27/11/23 23:00:00,A,JAN,BA,2007,3844017,
ESTAT:DEMO_GIND(1.0),27/11/23 23:00:00,A,JAN,BA,2008,3843846,
ESTAT:DEMO_GIND(1.0),27/11/23 23:00:00,A,JAN,BA,2009,3843998,
ESTAT:DEMO_GIND(1.0),27/11/23 23:00:00,A,JAN,BA,2010,3844046,
ESTAT:DEMO_GIND(1.0),27/11/23 23:00:00,A,JAN,BA,2011,3843183,
ESTAT:DEMO_GIND(1.0),27/11/23 23:00:00,A,JAN,BA,2012,3839265,
ESTAT:DEMO_GIND(1.0),27/11/23 23:00:00,A,JAN,BA,2013,3835645,
ESTAT:DEMO_GIND(1.0),27/11/23 23:00:00,A,JAN,BA,2014,3830911,
ESTAT:DEMO_GIND(1.0),27/11/23 23:00:00,A,JAN,BA,2015,3825334,
ESTAT:DEMO_GIND(1.0),27/11/23 23:00:00,A,JAN,BA,2016,3515982,
ESTAT:DEMO_GIND(1.0),27/11/23 23:00:00,A,JAN,BA,2017,3509728,
ESTAT:DEMO_GIND(1.0),27/11/23 23:00:00,A,JAN,BA,2018,3500295,
ESTAT:DEMO_GIND(1.0),27/11/23 23:00:00,A,JAN,BA,2019,3492018,p
ESTAT:DEMO_GIND(1.0),27/11/23 23:00:00,A,JAN,BE,2001,10263414,
ESTAT:DEMO_GIND(1.0),27/11/23 23:00:00,A,JAN,BE,2002,10309725,
ESTAT:DEMO_GIND(1.0),27/11/23 23:00:00,A,JAN,BE,2003,10355844,
ESTAT:DEMO_GIND(1.0),27/11/23 23:00:00,A,JAN,BE,2004,10396421,
ESTAT:DEMO_GIND(1.0),27/11/23 23:00:00,A,JAN,BE,2005,10445852,
ESTAT:DEMO_GIND(1.0),27/11/23 23:00:00,A,JAN,BE,2006,10511382,
ESTAT:DEMO_GIND(1.0),27/11/23 23:00:00,A,JAN,BE,2007,10584534,
ESTAT:DEMO_GIND(1.0),27/11/23 23:00:00,A,JAN,BE,2008,10666866,
ESTAT:DEMO_GIND(1.0),27/11/23 23:00:00,A,JAN,BE,2009,10753080,
ESTAT:DEMO_GIND(1.0),27/11/23 23:00:00,A,JAN,BE,2010,10839905,
ESTAT:DEMO_GIND(1.0),27/11/23 23:00:00,A,JAN,BE,2011,11000638,b
ESTAT:DEMO_GIND(1.0),27/11/23 23:00:00,A,JAN,BE,2012,11075889,b
ESTAT:DEMO_GIND(1.0),27/11/23 23:00:00,A,JAN,BE,2013,11137974,
ESTAT:DEMO_GIND(1.0),27/11/23 23:00:00,A,JAN,BE,2014,11180840,
ESTAT:DEMO_GIND(1.0),27/11/23 23:00:00,A,JAN,BE,2015,11237274,
ESTAT:DEMO_GIND(1.0),27/11/23 23:00:00,A,JAN,BE,2016,11311117,
ESTAT:DEMO_GIND(1.0),27/11/23 23:00:00,A,JAN,BE,2017,11351727,
ESTAT:DEMO_GIND(1.0),27/11/23 23:00:00,A,JAN,BE,2018,11398589,
ESTAT:DEMO_GIND(1.0),27/11/23 23:00:00,A,JAN,BE,2019,11455519,
ESTAT:DEMO_GIND(1.0),27/11/23 23:00:00,A,JAN,BE,2020,11522440,
ESTAT:DEMO_GIND(1.0),27/11/23 23:00:00,A,JAN,BE,2021,11554767,
ESTAT:DEMO_GIND(1.0),27/11/23 23:00:00,A,JAN,BE,2022,11617623,
ESTAT:DEMO_GIND(1.0),27/11/23 23:00:00,A,JAN,BE,2023,11754004,p
ESTAT:DEMO_GIND(1.0),27/11/23 23:00:00,A,JAN,BG,2001,8149468,
ESTAT:DEMO_GIND(1.0),27/11/23 23:00:00,A,JAN,BG,2002,7868815,
ESTAT:DEMO_GIND(1.0),27/11/23 23:00:00,A,JAN,BG,2003,7805506,
ESTAT:DEMO_GIND(1.0),27/11/23 23:00:00,A,JAN,BG,2004,7745147,
ESTAT:DEMO_GIND(1.0),27/11/23 23:00:00,A,JAN,BG,2005,7688573,
ESTAT:DEMO_GIND(1.0),27/11/23 23:00:00,A,JAN,BG,2006,7629371,
ESTAT:DEMO_GIND(1.0),27/11/23 23:00:00,A,JAN,BG,2007,7572673,
ESTAT:DEMO_GIND(1.0),27/11/23 23:00:00,A,JAN,BG,2008,7518002,
ESTAT:DEMO_GIND(1.0),27/11/23 23:00:00,A,JAN,BG,2009,7467119,
ESTAT:DEMO_GIND(1.0),27/11/23 23:00:00,A,JAN,BG,2010,7421766,
ESTAT:DEMO_GIND(1.0),27/11/23 23:00:00,A,JAN,BG,2011,7369431,
ESTAT:DEMO_GIND(1.0),27/11/23 23:00:00,A,JAN,BG,2012,7327224,
ESTAT:DEMO_GIND(1.0),27/11/23 23:00:00,A,JAN,BG,2013,7284552,
ESTAT:DEMO_GIND(1.0),27/11/23 23:00:00,A,JAN,BG,2014,7245677,
ESTAT:DEMO_GIND(1.0),27/11/23 23:00:00,A,JAN,BG,2015,7202198,
ESTAT:DEMO_GIND(1.0),27/11/23 23:00:00,A,JAN,BG,2016,7153784,
ESTAT:DEMO_GIND(1.0),27/11/23 23:00:00,A,JAN,BG,2017,7101859,
ESTAT:DEMO_GIND(1.0),27/11/23 23:00:00,A,JAN,BG,2018,7050034,
ESTAT:DEMO_GIND(1.0),27/11/23 23:00:00,A,JAN,BG,2019,7000039,
ESTAT:DEMO_GIND(1.0),27/11/23 23:00:00,A,JAN,BG,2020,6951482,
ESTAT:DEMO_GIND(1.0),27/11/23 23:00:00,A,JAN,BG,2021,6916548,
ESTAT:DEMO_GIND(1.0),27/11/23 23:00:00,A,JAN,BG,2022,6838937,
ESTAT:DEMO_GIND(1.0),27/11/23 23:00:00,A,JAN,BG,2023,6447710,b
ESTAT:DEMO_GIND(1.0),27/11/23 23:00:00,A,JAN,BY,2001,9990435,
ESTAT:DEMO_GIND(1.0),27/11/23 23:00:00,A,JAN,BY,2002,9950941,
ESTAT:DEMO_GIND(1.0),27/11/23 23:00:00,A,JAN,BY,2003,9898590,
ESTAT:DEMO_GIND(1.0),27/11/23 23:00:00,A,JAN,BY,2004,9849062,
ESTAT:DEMO_GIND(1.0),27/11/23 23:00:00,A,JAN,BY,2005,9800073,
ESTAT:DEMO_GIND(1.0),27/11/23 23:00:00,A,JAN,BY,2006,9750540,
ESTAT:DEMO_GIND(1.0),27/11/23 23:00:00,A,JAN,BY,2007,9714461,
ESTAT:DEMO_GIND(1.0),27/11/23 23:00:00,A,JAN,BY,2008,9689770,
ESTAT:DEMO_GIND(1.0),27/11/23 23:00:00,A,JAN,BY,2009,9671912,
ESTAT:DEMO_GIND(1.0),27/11/23 23:00:00,A,JAN,BY,2010,9480178,
ESTAT:DEMO_GIND(1.0),27/11/23 23:00:00,A,JAN,BY,2011,9481193,
ESTAT:DEMO_GIND(1.0),27/11/23 23:00:00,A,JAN,BY,2012,9465150,
ESTAT:DEMO_GIND(1.0),27/11/23 23:00:00,A,JAN,BY,2013,9463840,
ESTAT:DEMO_GIND(1.0),27/11/23 23:00:00,A,JAN,BY,2014,9468154,
ESTAT:DEMO_GIND(1.0),27/11/23 23:00:00,A,JAN,BY,2015,9480868,e
ESTAT:DEMO_GIND(1.0),27/11/23 23:00:00,A,JAN,BY,2016,9498364,
ESTAT:DEMO_GIND(1.0),27/11/23 23:00:00,A,JAN,BY,2017,9504704,
ESTAT:DEMO_GIND(1.0),27/11/23 23:00:00,A,JAN,BY,2018,9491823,
ESTAT:DEMO_GIND(1.0),27/11/23 23:00:00,A,JAN,BY,2019,9475174,
ESTAT:DEMO_GIND(1.0),27/11/23 23:00:00,A,JAN,BY,2020,9408350,
ESTAT:DEMO_GIND(1.0),27/11/23 23:00:00,A,JAN,CH,2001,7204055,
ESTAT:DEMO_GIND(1.0),27/11/23 23:00:00,A,JAN,CH,2002,7255653,
ESTAT:DEMO_GIND(1.0),27/11/23 23:00:00,A,JAN,CH,2003,7313853,
ESTAT:DEMO_GIND(1.0),27/11/23 23:00:00,A,JAN,CH,2004,7364148,
ESTAT:DEMO_GIND(1.0),27/11/23 23:00:00,A,JAN,CH,2005,7415102,
ESTAT:DEMO_GIND(1.0),27/11/23 23:00:00,A,JAN,CH,2006,7459128,
ESTAT:DEMO_GIND(1.0),27/11/23 23:00:00,A,JAN,CH,2007,7508739,
ESTAT:DEMO_GIND(1.0),27/11/23 23:00:00,A,JAN,CH,2008,7593494,
ESTAT:DEMO_GIND(1.0),27/11/23 23:00:00,A,JAN,CH,2009,7701856,
ESTAT:DEMO_GIND(1.0),27/11/23 23:00:00,A,JAN,CH,2010,7785806,
ESTAT:DEMO_GIND(1.0),27/11/23 23:00:00,A,JAN,CH,2011,7870134,b
ESTAT:DEMO_GIND(1.0),27/11/23 23:00:00,A,JAN,CH,2012,7954662,
ESTAT:DEMO_GIND(1.0),27/11/23 23:00:00,A,JAN,CH,2013,8039060,
ESTAT:DEMO_GIND(1.0),27/11/23 23:00:00,A,JAN,CH,2014,8139631,
ESTAT:DEMO_GIND(1.0),27/11/23 23:00:00,A,JAN,CH,2015,8237666,
ESTAT:DEMO_GIND(1.0),27/11/23 23:00:00,A,JAN,CH,2016,8327126,
ESTAT:DEMO_GIND(1.0),27/11/23 23:00:00,A,JAN,CH,2017,8419550,
ESTAT:DEMO_GIND(1.0),27/11/23 23:00:00,A,JAN,CH,2018,8484130,
ESTAT:DEMO_GIND(1.0),27/11/23 23:00:00,A,JAN,CH,2019,8544527,
ESTAT:DEMO_GIND(1.0),27/11/23 23:00:00,A,JAN,CH,2020,8606033,
ESTAT:DEMO_GIND(1.0),27/11/23 23:00:00,A,JAN,CH,2021,8670300,
ESTAT:DEMO_GIND(1.0),27/11/23 23:00:00,A,JAN,CH,2022,8738791,
ESTAT:DEMO_GIND(1.0),27/11/23 23:00:00,A,JAN,CH,2023,8812728,p
ESTAT:DEMO_GIND(1.0),27/11/23 23:00:00,A,JAN,CY,2001,697549,
ESTAT:DEMO_GIND(1.0),27/11/23 23:00:00,A,JAN,CY,2002,705539,
ESTAT:DEMO_GIND(1.0),27/11/23 23:00:00,A,JAN,CY,2003,713720,
ESTAT:DEMO_GIND(1.0),27/11/23 23:00:00,A,JAN,CY,2004,722893,
ESTAT:DEMO_GIND(1.0),27/11/23 23:00:00,A,JAN,CY,2005,733067,
ESTAT:DEMO_GIND(1.0),27/11/23 23:00:00,A,JAN,CY,2006,744013,
ESTAT:DEMO_GIND(1.0),27/11/23 23:00:00,A,JAN,CY,2007,757916,
ESTAT:DEMO_GIND(1.0),27/11/23 23:00:00,A,JAN,CY,2008,776333,
ESTAT:DEMO_GIND(1.0),27/11/23 23:00:00,A,JAN,CY,2009,796930,
ESTAT:DEMO_GIND(1.0),27/11/23 23:00:00,A,JAN,CY,2010,819140,
ESTAT:DEMO_GIND(1.0),27/11/23 23:00:00,A,JAN,CY,2011,839751,
ESTAT:DEMO_GIND(1.0),27/11/23 23:00:00,A,JAN,CY,2012,862011,
ESTAT:DEMO_GIND(1.0),27/11/23 23:00:00,A,JAN,CY,2013,865878,
ESTAT:DEMO_GIND(1.0),27/11/23 23:00:00,A,JAN,CY,2014,858000,
ESTAT:DEMO_GIND(1.0),27/11/23 23:00:00,A,JAN,CY,2015,847008,
ESTAT:DEMO_GIND(1.0),27/11/23 23:00:00,A,JAN,CY,2016,848319,
ESTAT:DEMO_GIND(1.0),27/11/23 23:00:00,A,JAN,CY,2017,854802,
ESTAT:DEMO_GIND(1.0),27/11/23 23:00:00,A,JAN,CY,2018,864236,
ESTAT:DEMO_GIND(1.0),27/11/23 23:00:00,A,JAN,CY,2019,875899,
ESTAT:DEMO_GIND(1.0),27/11/23 23:00:00,A,JAN,CY,2020,888005,
ESTAT:DEMO_GIND(1.0),27/11/23 23:00:00,A,JAN,CY,2021,896007,
ESTAT:DEMO_GIND(1.0),27/11/23 23:00:00,A,JAN,CY,2022,904705,
ESTAT:DEMO_GIND(1.0),27/11/23 23:00:00,A,JAN,CY,2023,920701,p
ESTAT:DEMO_GIND(1.0),27/11/23 23:00:00,A,JAN,CZ,2001,10232027,
ESTAT:DEMO_GIND(1.0),27/11/23 23:00:00,A,JAN,CZ,2002,10201182,
ESTAT:DEMO_GIND(1.0),27/11/23 23:00:00,A,JAN,CZ,2003,10192649,
ESTAT:DEMO_GIND(1.0),27/11/23 23:00:00,A,JAN,CZ,2004,10195347,
ESTAT:DEMO_GIND(1.0),27/11/23 23:00:00,A,JAN,CZ,2005,10198855,
ESTAT:DEMO_GIND(1.0),27/11/23 23:00:00,A,JAN,CZ,2006,10223577,
ESTAT:DEMO_GIND(1.0),27/11/23 23:00:00,A,JAN,CZ,2007,10254233,
ESTAT:DEMO_GIND(1.0),27/11/23 23:00:00,A,JAN,CZ,2008,10343422,
ESTAT:DEMO_GIND(1.0),27/11/23 23:00:00,A,JAN,CZ,2009,10425783,
ESTAT:DEMO_GIND(1.0),27/11/23 23:00:00,A,JAN,CZ,2010,10462088,
ESTAT:DEMO_GIND(1.0),27/11/23 23:00:00,A,JAN,CZ,2011,10486731,
ESTAT:DEMO_GIND(1.0),27/11/23 23:00:00,A,JAN,CZ,2012,10505445,
ESTAT:DEMO_GIND(1.0),27/11/23 23:00:00,A,JAN,CZ,2013,10516125,
ESTAT:DEMO_GIND(1.0),27/11/23 23:00:00,A,JAN,CZ,2014,10512419,
ESTAT:DEMO_GIND(1.0),27/11/23 23:00:00,A,JAN,CZ,2015,10538275,
ESTAT:DEMO_GIND(1.0),27/11/23 23:00:00,A,JAN,CZ,2016,10553843,
ESTAT:DEMO_GIND(1.0),27/11/23 23:00:00,A,JAN,CZ,2017,10578820,
ESTAT:DEMO_GIND(1.0),27/11/23 23:00:00,A,JAN,CZ,2018,10610055,
ESTAT:DEMO_GIND(1.0),27/11/23 23:00:00,A,JAN,CZ,2019,10649800,
ESTAT:DEMO_GIND(1.0),27/11/23 23:00:00,A,JAN,CZ,2020,10693939,
ESTAT:DEMO_GIND(1.0),27/11/23 23:00:00,A,JAN,CZ,2021,10494836,b
ESTAT:DEMO_GIND(1.0),27/11/23 23:00:00,A,JAN,CZ,2022,10516707,b
ESTAT:DEMO_GIND(1.0),27/11/23 23:00:00,A,JAN,CZ,2023,10827529,
ESTAT:DEMO_GIND(1.0),27/11/23 23:00:00,A,JAN,DE,2001,82259540,
ESTAT:DEMO_GIND(1.0),27/11/23 23:00:00,A,JAN,DE,2002,82440309,
ESTAT:DEMO_GIND(1.0),27/11/23 23:00:00,A,JAN,DE,2003,82536680,
ESTAT:DEMO_GIND(1.0),27/11/23 23:00:00,A,JAN,DE,2004,82531671,
ESTAT:DEMO_GIND(1.0),27/11/23 23:00:00,A,JAN,DE,2005,82500849,
ESTAT:DEMO_GIND(1.0),27/11/23 23:00:00,A,JAN,DE,2006,82437995,
ESTAT:DEMO_GIND(1.0),27/11/23 23:00:00,A,JAN,DE,2007,82314906,
ESTAT:DEMO_GIND(1.0),27/11/23 23:00:00,A,JAN,DE,2008,82217837,
ESTAT:DEMO_GIND(1.0),27/11/23 23:00:00,A,JAN,DE,2009,82002356,
ESTAT:DEMO_GIND(1.0),27/11/23 23:00:00,A,JAN,DE,2010,81802257,
ESTAT:DEMO_GIND(1.0),27/11/23 23:00:00,A,JAN,DE,2011,80222065,b
ESTAT:DEMO_GIND(1.0),27/11/23 23:00:00,A,JAN,DE,2012,80327900,
ESTAT:DEMO_GIND(1.0),27/11/23 23:00:00,A,JAN,DE,2013,80523746,
ESTAT:DEMO_GIND(1.0),27/11/23 23:00:00,A,JAN,DE,2014,80767463,
ESTAT:DEMO_GIND(1.0),27/11/23 23:00:00,A,JAN,DE,2015,81197537,
ESTAT:DEMO_GIND(1.0),27/11/23 23:00:00,A,JAN,DE,2016,82175684,
ESTAT:DEMO_GIND(1.0),27/11/23 23:00:00,A,JAN,DE,2017,82521653,
ESTAT:DEMO_GIND(1.0),27/11/23 23:00:00,A,JAN,DE,2018,82792351,
ESTAT:DEMO_GIND(1.0),27/11/23 23:00:00,A,JAN,DE,2019,83019213,
ESTAT:DEMO_GIND(1.0),27/11/23 23:00:00,A,JAN,DE,2020,83166711,
ESTAT:DEMO_GIND(1.0),27/11/23 23:00:00,A,JAN,DE,2021,83155031,
ESTAT:DEMO_GIND(1.0),27/11/23 23:00:00,A,JAN,DE,2022,83237124,
ESTAT:DEMO_GIND(1.0),27/11/23 23:00:00,A,JAN,DE,2023,84358845,
ESTAT:DEMO_GIND(1.0),27/11/23 23:00:00,A,JAN,DK,2001,5349212,
ESTAT:DEMO_GIND(1.0),27/11/23 23:00:00,A,JAN,DK,2002,5368354,
ESTAT:DEMO_GIND(1.0),27/11/23 23:00:00,A,JAN,DK,2003,5383507,
ESTAT:DEMO_GIND(1.0),27/11/23 23:00:00,A,JAN,DK,2004,5397640,
ESTAT:DEMO_GIND(1.0),27/11/23 23:00:00,A,JAN,DK,2005,5411405,
ESTAT:DEMO_GIND(1.0),27/11/23 23:00:00,A,JAN,DK,2006,5427459,
ESTAT:DEMO_GIND(1.0),27/11/23 23:00:00,A,JAN,DK,2007,5447084,
ESTAT:DEMO_GIND(1.0),27/11/23 23:00:00,A,JAN,DK,2008,5475791,
ESTAT:DEMO_GIND(1.0),27/11/23 23:00:00,A,JAN,DK,2009,5511451,
ESTAT:DEMO_GIND(1.0),27/11/23 23:00:00,A,JAN,DK,2010,5534738,
ESTAT:DEMO_GIND(1.0),27/11/23 23:00:00,A,JAN,DK,2011,5560628,
ESTAT:DEMO_GIND(1.0),27/11/23 23:00:00,A,JAN,DK,2012,5580516,
ESTAT:DEMO_GIND(1.0),27/11/23 23:00:00,A,JAN,DK,2013,5602628,
ESTAT:DEMO_GIND(1.0),27/11/23 23:00:00,A,JAN,DK,2014,5627235,
ESTAT:DEMO_GIND(1.0),27/11/23 23:00:00,A,JAN,DK,2015,5659715,
ESTAT:DEMO_GIND(1.0),27/11/23 23:00:00,A,JAN,DK,2016,5707251,
ESTAT:DEMO_GIND(1.0),27/11/23 23:00:00,A,JAN,DK,2017,5748769,
ESTAT:DEMO_GIND(1.0),27/11/23 23:00:00,A,JAN,DK,2018,5781190,
ESTAT:DEMO_GIND(1.0),27/11/23 23:00:00,A,JAN,DK,2019,5806081,
ESTAT:DEMO_GIND(1.0),27/11/23 23:00:00,A,JAN,DK,2020,5822763,
ESTAT:DEMO_GIND(1.0),27/11/23 23:00:00,A,JAN,DK,2021,5840045,
ESTAT:DEMO_GIND(1.0),27/11/23 23:00:00,A,JAN,DK,2022,5873420,
ESTAT:DEMO_GIND(1.0),27/11/23 23:00:00,A,JAN,DK,2023,5932654,
ESTAT:DEMO_GIND(1.0),27/11/23 23:00:00,A,JAN,EE,2001,1392720,
ESTAT:DEMO_GIND(1.0),27/11/23 23:00:00,A,JAN,EE,2002,1383510,
ESTAT:DEMO_GIND(1.0),27/11/23 23:00:00,A,JAN,EE,2003,1375190,
ESTAT:DEMO_GIND(1.0),27/11/23 23:00:00,A,JAN,EE,2004,1366250,
ESTAT:DEMO_GIND(1.0),27/11/23 23:00:00,A,JAN,EE,2005,1358850,
ESTAT:DEMO_GIND(1.0),27/11/23 23:00:00,A,JAN,EE,2006,1350700,
ESTAT:DEMO_GIND(1.0),27/11/23 23:00:00,A,JAN,EE,2007,1342920,
ESTAT:DEMO_GIND(1.0),27/11/23 23:00:00,A,JAN,EE,2008,1338440,
ESTAT:DEMO_GIND(1.0),27/11/23 23:00:00,A,JAN,EE,2009,1335740,
ESTAT:DEMO_GIND(1.0),27/11/23 23:00:00,A,JAN,EE,2010,1333290,
ESTAT:DEMO_GIND(1.0),27/11/23 23:00:00,A,JAN,EE,2011,1329660,
ESTAT:DEMO_GIND(1.0),27/11/23 23:00:00,A,JAN,EE,2012,1325217,
ESTAT:DEMO_GIND(1.0),27/11/23 23:00:00,A,JAN,EE,2013,1320174,
ESTAT:DEMO_GIND(1.0),27/11/23 23:00:00,A,JAN,EE,2014,1315819,
ESTAT:DEMO_GIND(1.0),27/11/23 23:00:00,A,JAN,EE,2015,1314870,b
ESTAT:DEMO_GIND(1.0),27/11/23 23:00:00,A,JAN,EE,2016,1315944,
ESTAT:DEMO_GIND(1.0),27/11/23 23:00:00,A,JAN,EE,2017,1315635,
ESTAT:DEMO_GIND(1.0),27/11/23 23:00:00,A,JAN,EE,2018,1319133,
ESTAT:DEMO_GIND(1.0),27/11/23 23:00:00,A,JAN,EE,2019,1324820,
ESTAT:DEMO_GIND(1.0),27/11/23 23:00:00,A,JAN,EE,2020,1328976,
ESTAT:DEMO_GIND(1.0),27/11/23 23:00:00,A,JAN,EE,2021,1330068,
ESTAT:DEMO_GIND(1.0),27/11/23 23:00:00,A,JAN,EE,2022,1331796,
ESTAT:DEMO_GIND(1.0),27/11/23 23:00:00,A,JAN,EE,2023,1365884,
ESTAT:DEMO_GIND(1.0),27/11/23 23:00:00,A,JAN,EL,2001,10835989,
ESTAT:DEMO_GIND(1.0),27/11/23 23:00:00,A,JAN,EL,2002,10888274,
ESTAT:DEMO_GIND(1.0),27/11/23 23:00:00,A,JAN,EL,2003,10915770,
ESTAT:DEMO_GIND(1.0),27/11/23 23:00:00,A,JAN,EL,2004,10940369,
ESTAT:DEMO_GIND(1.0),27/11/23 23:00:00,A,JAN,EL,2005,10969912,
ESTAT:DEMO_GIND(1.0),27/11/23 23:00:00,A,JAN,EL,2006,11004716,
ESTAT:DEMO_GIND(1.0),27/11/23 23:00:00,A,JAN,EL,2007,11036008,
ESTAT:DEMO_GIND(1.0),27/11/23 23:00:00,A,JAN,EL,2008,11060937,
ESTAT:DEMO_GIND(1.0),27/11/23 23:00:00,A,JAN,EL,2009,11094745,
ESTAT:DEMO_GIND(1.0),27/11/23 23:00:00,A,JAN,EL,2010,11119289,
ESTAT:DEMO_GIND(1.0),27/11/23 23:00:00,A,JAN,EL,2011,11123392,
ESTAT:DEMO_GIND(1.0),27/11/23 23:00:00,A,JAN,EL,2012,11086406,
ESTAT:DEMO_GIND(1.0),27/11/23 23:00:00,A,JAN,EL,2013,11003615,
ESTAT:DEMO_GIND(1.0),27/11/23 23:00:00,A,JAN,EL,2014,10926807,
ESTAT:DEMO_GIND(1.0),27/11/23 23:00:00,A,JAN,EL,2015,10858018,
ESTAT:DEMO_GIND(1.0),27/11/23 23:00:00,A,JAN,EL,2016,10783748,
ESTAT:DEMO_GIND(1.0),27/11/23 23:00:00,A,JAN,EL,2017,10768193,
ESTAT:DEMO_GIND(1.0),27/11/23 23:00:00,A,JAN,EL,2018,10741165,
ESTAT:DEMO_GIND(1.0),27/11/23 23:00:00,A,JAN,EL,2019,10724599,
ESTAT:DEMO_GIND(1.0),27/11/23 23:00:00,A,JAN,EL,2020,10718565,
ESTAT:DEMO_GIND(1.0),27/11/23 23:00:00,A,JAN,EL,2021,10678632,
ESTAT:DEMO_GIND(1.0),27/11/23 23:00:00,A,JAN,EL,2022,10459782,
ESTAT:DEMO_GIND(1.0),27/11/23 23:00:00,A,JAN,EL,2023,10394055,ep
ESTAT:DEMO_GIND(1.0),27/11/23 23:00:00,A,JAN,ES,2001,40665545,
ESTAT:DEMO_GIND(1.0),27/11/23 23:00:00,A,JAN,ES,2002,41035278,
ESTAT:DEMO_GIND(1.0),27/11/23 23:00:00,A,JAN,ES,2003,41827838,
ESTAT:DEMO_GIND(1.0),27/11/23 23:00:00,A,JAN,ES,2004,42547451,
ESTAT:DEMO_GIND(1.0),27/11/23 23:00:00,A,JAN,ES,2005,43296338,
ESTAT:DEMO_GIND(1.0),27/11/23 23:00:00,A,JAN,ES,2006,44009971,
ESTAT:DEMO_GIND(1.0),27/11/23 23:00:00,A,JAN,ES,2007,44784666,
ESTAT:DEMO_GIND(1.0),27/11/23 23:00:00,A,JAN,ES,2008,45668939,
ESTAT:DEMO_GIND(1.0),27/11/23 23:00:00,A,JAN,ES,2009,46239273,
ESTAT:DEMO_GIND(1.0),27/11/23 23:00:00,A,JAN,ES,2010,46486619,
ESTAT:DEMO_GIND(1.0),27/11/23 23:00:00,A,JAN,ES,2011,46667174,
ESTAT:DEMO_GIND(1.0),27/11/23 23:00:00,A,JAN,ES,2012,46818219,
ESTAT:DEMO_GIND(1.0),27/11/23 23:00:00,A,JAN,ES,2013,46727890,
ESTAT:DEMO_GIND(1.0),27/11/23 23:00:00,A,JAN,ES,2014,46512199,
ESTAT:DEMO_GIND(1.0),27/11/23 23:00:00,A,JAN,ES,2015,46449565,
ESTAT:DEMO_GIND(1.0),27/11/23 23:00:00,A,JAN,ES,2016,46440099,
ESTAT:DEMO_GIND(1.0),27/11/23 23:00:00,A,JAN,ES,2017,46528024,
ESTAT:DEMO_GIND(1.0),27/11/23 23:00:00,A,JAN,ES,2018,46658447,
ESTAT:DEMO_GIND(1.0),27/11/23 23:00:00,A,JAN,ES,2019,46937060,
ESTAT:DEMO_GIND(1.0),27/11/23 23:00:00,A,JAN,ES,2020,47332614,
ESTAT:DEMO_GIND(1.0),27/11/23 23:00:00,A,JAN,ES,2021,47398695,
ESTAT:DEMO_GIND(1.0),27/11/23 23:00:00,A,JAN,ES,2022,47432893,
ESTAT:DEMO_GIND(1.0),27/11/23 23:00:00,A,JAN,ES,2023,48059777,p
ESTAT:DEMO_GIND(1.0),27/11/23 23:00:00,A,JAN,EU27_2020,2001,429240746,b
ESTAT:DEMO_GIND(1.0),27/11/23 23:00:00,A,JAN,EU27_2020,2002,429723142,
ESTAT:DEMO_GIND(1.0),27/11/23 23:00:00,A,JAN,EU27_2020,2003,431190184,
ESTAT:DEMO_GIND(1.0),27/11/23 23:00:00,A,JAN,EU27_2020,2004,432762039,
ESTAT:DEMO_GIND(1.0),27/11/23 23:00:00,A,JAN,EU27_2020,2005,434416272,
ESTAT:DEMO_GIND(1.0),27/11/23 23:00:00,A,JAN,EU27_2020,2006,435816236,
ESTAT:DEMO_GIND(1.0),27/11/23 23:00:00,A,JAN,EU27_2020,2007,437227496,
ESTAT:DEMO_GIND(1.0),27/11/23 23:00:00,A,JAN,EU27_2020,2008,438725386,b
ESTAT:DEMO_GIND(1.0),27/11/23 23:00:00,A,JAN,EU27_2020,2009,440047892,
ESTAT:DEMO_GIND(1.0),27/11/23 23:00:00,A,JAN,EU27_2020,2010,440660421,b
ESTAT:DEMO_GIND(1.0),27/11/23 23:00:00,A,JAN,EU27_2020,2011,439942305,b
ESTAT:DEMO_GIND(1.0),27/11/23 23:00:00,A,JAN,EU27_2020,2012,440552661,b
ESTAT:DEMO_GIND(1.0),27/11/23 23:00:00,A,JAN,EU27_2020,2013,441257711,
ESTAT:DEMO_GIND(1.0),27/11/23 23:00:00,A,JAN,EU27_2020,2014,442883888,b
ESTAT:DEMO_GIND(1.0),27/11/23 23:00:00,A,JAN,EU27_2020,2015,443666812,b
ESTAT:DEMO_GIND(1.0),27/11/23 23:00:00,A,JAN,EU27_2020,2016,444802830,
ESTAT:DEMO_GIND(1.0),27/11/23 23:00:00,A,JAN,EU27_2020,2017,445534430,b
ESTAT:DEMO_GIND(1.0),27/11/23 23:00:00,A,JAN,EU27_2020,2018,446208557,e
ESTAT:DEMO_GIND(1.0),27/11/23 23:00:00,A,JAN,EU27_2020,2019,446559279,be
ESTAT:DEMO_GIND(1.0),27/11/23 23:00:00,A,JAN,EU27_2020,2020,447485231,e
ESTAT:DEMO_GIND(1.0),27/11/23 23:00:00,A,JAN,EU27_2020,2021,447000548,bep
ESTAT:DEMO_GIND(1.0),27/11/23 23:00:00,A,JAN,EU27_2020,2022,446735291,bep
ESTAT:DEMO_GIND(1.0),27/11/23 23:00:00,A,JAN,EU27_2020,2023,448387872,bep
ESTAT:DEMO_GIND(1.0),27/11/23 23:00:00,A,JAN,FI,2001,5181115,
ESTAT:DEMO_GIND(1.0),27/11/23 23:00:00,A,JAN,FI,2002,5194901,
ESTAT:DEMO_GIND(1.0),27/11/23 23:00:00,A,JAN,FI,2003,5206295,
ESTAT:DEMO_GIND(1.0),27/11/23 23:00:00,A,JAN,FI,2004,5219732,
ESTAT:DEMO_GIND(1.0),27/11/23 23:00:00,A,JAN,FI,2005,5236611,
ESTAT:DEMO_GIND(1.0),27/11/23 23:00:00,A,JAN,FI,2006,5255580,
ESTAT:DEMO_GIND(1.0),27/11/23 23:00:00,A,JAN,FI,2007,5276955,
ESTAT:DEMO_GIND(1.0),27/11/23 23:00:00,A,JAN,FI,2008,5300484,
ESTAT:DEMO_GIND(1.0),27/11/23 23:00:00,A,JAN,FI,2009,5326314,
ESTAT:DEMO_GIND(1.0),27/11/23 23:00:00,A,JAN,FI,2010,5351427,
ESTAT:DEMO_GIND(1.0),27/11/23 23:00:00,A,JAN,FI,2011,5375276,
ESTAT:DEMO_GIND(1.0),27/11/23 23:00:00,A,JAN,FI,2012,5401267,
ESTAT:DEMO_GIND(1.0),27/11/23 23:00:00,A,JAN,FI,2013,5426674,
ESTAT:DEMO_GIND(1.0),27/11/23 23:00:00,A,JAN,FI,2014,5451270,
ESTAT:DEMO_GIND(1.0),27/11/23 23:00:00,A,JAN,FI,2015,5471753,
ESTAT:DEMO_GIND(1.0),27/11/23 23:00:00,A,JAN,FI,2016,5487308,
ESTAT:DEMO_GIND(1.0),27/11/23 23:00:00,A,JAN,FI,2017,5503297,
ESTAT:DEMO_GIND(1.0),27/11/23 23:00:00,A,JAN,FI,2018,5513130,
ESTAT:DEMO_GIND(1.0),27/11/23 23:00:00,A,JAN,FI,2019,5517919,
ESTAT:DEMO_GIND(1.0),27/11/23 23:00:00,A,JAN,FI,2020,5525292,
ESTAT:DEMO_GIND(1.0),27/11/23 23:00:00,A,JAN,FI,2021,5533793,
ESTAT:DEMO_GIND(1.0),27/11/23 23:00:00,A,JAN,FI,2022,5548241,
ESTAT:DEMO_GIND(1.0),27/11/23 23:00:00,A,JAN,FI,2023,5563970,
ESTAT:DEMO_GIND(1.0),27/11/23 23:00:00,A,JAN,FR,2001,60979315,
ESTAT:DEMO_GIND(1.0),27/11/23 23:00:00,A,JAN,FR,2002,61424036,
ESTAT:DEMO_GIND(1.0),27/11/23 23:00:00,A,JAN,FR,2003,61864088,
ESTAT:DEMO_GIND(1.0),27/11/23 23:00:00,A,JAN,FR,2004,62292241,
ESTAT:DEMO_GIND(1.0),27/11/23 23:00:00,A,JAN,FR,2005,62772870,
ESTAT:DEMO_GIND(1.0),27/11/23 23:00:00,A,JAN,FR,2006,63229635,
ESTAT:DEMO_GIND(1.0),27/11/23 23:00:00,A,JAN,FR,2007,63645065,
ESTAT:DEMO_GIND(1.0),27/11/23 23:00:00,A,JAN,FR,2008,64007193,
ESTAT:DEMO_GIND(1.0),27/11/23 23:00:00,A,JAN,FR,2009,64350226,
ESTAT:DEMO_GIND(1.0),27/11/23 23:00:00,A,JAN,FR,2010,64658856,
ESTAT:DEMO_GIND(1.0),27/11/23 23:00:00,A,JAN,FR,2011,64978721,
ESTAT:DEMO_GIND(1.0),27/11/23 23:00:00,A,JAN,FR,2012,65276983,
ESTAT:DEMO_GIND(1.0),27/11/23 23:00:00,A,JAN,FR,2013,65600350,
ESTAT:DEMO_GIND(1.0),27/11/23 23:00:00,A,JAN,FR,2014,66165980,b
ESTAT:DEMO_GIND(1.0),27/11/23 23:00:00,A,JAN,FR,2015,66458153,
ESTAT:DEMO_GIND(1.0),27/11/23 23:00:00,A,JAN,FR,2016,66638391,
ESTAT:DEMO_GIND(1.0),27/11/23 23:00:00,A,JAN,FR,2017,66809816,
ESTAT:DEMO_GIND(1.0),27/11/23 23:00:00,A,JAN,FR,2018,67026224,
ESTAT:DEMO_GIND(1.0),27/11/23 23:00:00,A,JAN,FR,2019,67290471,
ESTAT:DEMO_GIND(1.0),27/11/23 23:00:00,A,JAN,FR,2020,67485531,
ESTAT:DEMO_GIND(1.0),27/11/23 23:00:00,A,JAN,FR,2021,67656682,p
ESTAT:DEMO_GIND(1.0),27/11/23 23:00:00,A,JAN,FR,2022,67871925,p
ESTAT:DEMO_GIND(1.0),27/11/23 23:00:00,A,JAN,FR,2023,68070697,p
ESTAT:DEMO_GIND(1.0),27/11/23 23:00:00,A,JAN,GE,2001,4401400,e
ESTAT:DEMO_GIND(1.0),27/11/23 23:00:00,A,JAN,GE,2002,4371500,e
ESTAT:DEMO_GIND(1.0),27/11/23 23:00:00,A,JAN,GE,2003,4352600,e
ESTAT:DEMO_GIND(1.0),27/11/23 23:00:00,A,JAN,GE,2004,4315200,e
ESTAT:DEMO_GIND(1.0),27/11/23 23:00:00,A,JAN,GE,2005,4321500,e
ESTAT:DEMO_GIND(1.0),27/11/23 23:00:00,A,JAN,GE,2006,4401292,
ESTAT:DEMO_GIND(1.0),27/11/23 23:00:00,A,JAN,GE,2007,4394702,
ESTAT:DEMO_GIND(1.0),27/11/23 23:00:00,A,JAN,GE,2008,4382070,
ESTAT:DEMO_GIND(1.0),27/11/23 23:00:00,A,JAN,GE,2009,4385429,
ESTAT:DEMO_GIND(1.0),27/11/23 23:00:00,A,JAN,GE,2010,4436391,
ESTAT:DEMO_GIND(1.0),27/11/23 23:00:00,A,JAN,GE,2011,4469250,
ESTAT:DEMO_GIND(1.0),27/11/23 23:00:00,A,JAN,GE,2012,4497617,
ESTAT:DEMO_GIND(1.0),27/11/23 23:00:00,A,JAN,GE,2014,4490498,
ESTAT:DEMO_GIND(1.0),27/11/23 23:00:00,A,JAN,GE,2015,3729500,b
ESTAT:DEMO_GIND(1.0),27/11/23 23:00:00,A,JAN,GE,2016,3720400,
ESTAT:DEMO_GIND(1.0),27/11/23 23:00:00,A,JAN,GE,2017,3726374,
ESTAT:DEMO_GIND(1.0),27/11/23 23:00:00,A,JAN,GE,2018,3729633,
ESTAT:DEMO_GIND(1.0),27/11/23 23:00:00,A,JAN,GE,2019,3723464,
ESTAT:DEMO_GIND(1.0),27/11/23 23:00:00,A,JAN,GE,2020,3716858,
ESTAT:DEMO_GIND(1.0),27/11/23 23:00:00,A,JAN,GE,2021,3728573,
ESTAT:DEMO_GIND(1.0),27/11/23 23:00:00,A,JAN,GE,2022,3688647,
ESTAT:DEMO_GIND(1.0),27/11/23 23:00:00,A,JAN,GE,2023,3736357,
ESTAT:DEMO_GIND(1.0),27/11/23 23:00:00,A,JAN,HR,2001,4295406,b
ESTAT:DEMO_GIND(1.0),27/11/23 23:00:00,A,JAN,HR,2002,4305494,
ESTAT:DEMO_GIND(1.0),27/11/23 23:00:00,A,JAN,HR,2003,4305384,
ESTAT:DEMO_GIND(1.0),27/11/23 23:00:00,A,JAN,HR,2004,4305725,
ESTAT:DEMO_GIND(1.0),27/11/23 23:00:00,A,JAN,HR,2005,4310861,
ESTAT:DEMO_GIND(1.0),27/11/23 23:00:00,A,JAN,HR,2006,4312487,
ESTAT:DEMO_GIND(1.0),27/11/23 23:00:00,A,JAN,HR,2007,4313530,
ESTAT:DEMO_GIND(1.0),27/11/23 23:00:00,A,JAN,HR,2008,4311967,
ESTAT:DEMO_GIND(1.0),27/11/23 23:00:00,A,JAN,HR,2009,4309796,
ESTAT:DEMO_GIND(1.0),27/11/23 23:00:00,A,JAN,HR,2010,4302847,
ESTAT:DEMO_GIND(1.0),27/11/23 23:00:00,A,JAN,HR,2011,4289857,
ESTAT:DEMO_GIND(1.0),27/11/23 23:00:00,A,JAN,HR,2012,4275984,
ESTAT:DEMO_GIND(1.0),27/11/23 23:00:00,A,JAN,HR,2013,4262140,
ESTAT:DEMO_GIND(1.0),27/11/23 23:00:00,A,JAN,HR,2014,4246809,
ESTAT:DEMO_GIND(1.0),27/11/23 23:00:00,A,JAN,HR,2015,4225316,
ESTAT:DEMO_GIND(1.0),27/11/23 23:00:00,A,JAN,HR,2016,4190669,
ESTAT:DEMO_GIND(1.0),27/11/23 23:00:00,A,JAN,HR,2017,4154213,
ESTAT:DEMO_GIND(1.0),27/11/23 23:00:00,A,JAN,HR,2018,4105493,
ESTAT:DEMO_GIND(1.0),27/11/23 23:00:00,A,JAN,HR,2019,4076246,
ESTAT:DEMO_GIND(1.0),27/11/23 23:00:00,A,JAN,HR,2020,4058165,
ESTAT:DEMO_GIND(1.0),27/11/23 23:00:00,A,JAN,HR,2021,4036355,
ESTAT:DEMO_GIND(1.0),27/11/23 23:00:00,A,JAN,HR,2022,3862305,
ESTAT:DEMO_GIND(1.0),27/11/23 23:00:00,A,JAN,HR,2023,3850894,
ESTAT:DEMO_GIND(1.0),27/11/23 23:00:00,A,JAN,HU,2001,10200298,
ESTAT:DEMO_GIND(1.0),27/11/23 23:00:00,A,JAN,HU,2002,10174853,
ESTAT:DEMO_GIND(1.0),27/11/23 23:00:00,A,JAN,HU,2003,10142362,
ESTAT:DEMO_GIND(1.0),27/11/23 23:00:00,A,JAN,HU,2004,10116742,
ESTAT:DEMO_GIND(1.0),27/11/23 23:00:00,A,JAN,HU,2005,10097549,
ESTAT:DEMO_GIND(1.0),27/11/23 23:00:00,A,JAN,HU,2006,10076581,
ESTAT:DEMO_GIND(1.0),27/11/23 23:00:00,A,JAN,HU,2007,10066158,
ESTAT:DEMO_GIND(1.0),27/11/23 23:00:00,A,JAN,HU,2008,10045401,
ESTAT:DEMO_GIND(1.0),27/11/23 23:00:00,A,JAN,HU,2009,10030975,
ESTAT:DEMO_GIND(1.0),27/11/23 23:00:00,A,JAN,HU,2010,10014324,
ESTAT:DEMO_GIND(1.0),27/11/23 23:00:00,A,JAN,HU,2011,9985722,
ESTAT:DEMO_GIND(1.0),27/11/23 23:00:00,A,JAN,HU,2012,9931925,b
ESTAT:DEMO_GIND(1.0),27/11/23 23:00:00,A,JAN,HU,2013,9908798,
ESTAT:DEMO_GIND(1.0),27/11/23 23:00:00,A,JAN,HU,2014,9877365,
ESTAT:DEMO_GIND(1.0),27/11/23 23:00:00,A,JAN,HU,2015,9855571,
ESTAT:DEMO_GIND(1.0),27/11/23 23:00:00,A,JAN,HU,2016,9830485,
ESTAT:DEMO_GIND(1.0),27/11/23 23:00:00,A,JAN,HU,2017,9797561,
ESTAT:DEMO_GIND(1.0),27/11/23 23:00:00,A,JAN,HU,2018,9778371,
ESTAT:DEMO_GIND(1.0),27/11/23 23:00:00,A,JAN,HU,2019,9772756,
ESTAT:DEMO_GIND(1.0),27/11/23 23:00:00,A,JAN,HU,2020,9769526,
ESTAT:DEMO_GIND(1.0),27/11/23 23:00:00,A,JAN,HU,2021,9730772,
ESTAT:DEMO_GIND(1.0),27/11/23 23:00:00,A,JAN,HU,2022,9689010,
ESTAT:DEMO_GIND(1.0),27/11/23 23:00:00,A,JAN,HU,2023,9597085,b
ESTAT:DEMO_GIND(1.0),27/11/23 23:00:00,A,JAN,IE,2001,3832783,
ESTAT:DEMO_GIND(1.0),27/11/23 23:00:00,A,JAN,IE,2002,3899702,
ESTAT:DEMO_GIND(1.0),27/11/23 23:00:00,A,JAN,IE,2003,3964191,
ESTAT:DEMO_GIND(1.0),27/11/23 23:00:00,A,JAN,IE,2004,4028851,
ESTAT:DEMO_GIND(1.0),27/11/23 23:00:00,A,JAN,IE,2005,4111672,
ESTAT:DEMO_GIND(1.0),27/11/23 23:00:00,A,JAN,IE,2006,4208156,
ESTAT:DEMO_GIND(1.0),27/11/23 23:00:00,A,JAN,IE,2007,4340118,
ESTAT:DEMO_GIND(1.0),27/11/23 23:00:00,A,JAN,IE,2008,4457765,
ESTAT:DEMO_GIND(1.0),27/11/23 23:00:00,A,JAN,IE,2009,4521322,
ESTAT:DEMO_GIND(1.0),27/11/23 23:00:00,A,JAN,IE,2010,4549428,
ESTAT:DEMO_GIND(1.0),27/11/23 23:00:00,A,JAN,IE,2011,4570881,
ESTAT:DEMO_GIND(1.0),27/11/23 23:00:00,A,JAN,IE,2012,4589287,
ESTAT:DEMO_GIND(1.0),27/11/23 23:00:00,A,JAN,IE,2013,4609779,
ESTAT:DEMO_GIND(1.0),27/11/23 23:00:00,A,JAN,IE,2014,4637852,
ESTAT:DEMO_GIND(1.0),27/11/23 23:00:00,A,JAN,IE,2015,4677627,
ESTAT:DEMO_GIND(1.0),27/11/23 23:00:00,A,JAN,IE,2016,4726286,
ESTAT:DEMO_GIND(1.0),27/11/23 23:00:00,A,JAN,IE,2017,4784383,
ESTAT:DEMO_GIND(1.0),27/11/23 23:00:00,A,JAN,IE,2018,4830392,
ESTAT:DEMO_GIND(1.0),27/11/23 23:00:00,A,JAN,IE,2019,4904240,e
ESTAT:DEMO_GIND(1.0),27/11/23 23:00:00,A,JAN,IE,2020,4964440,
ESTAT:DEMO_GIND(1.0),27/11/23 23:00:00,A,JAN,IE,2021,5006324,
ESTAT:DEMO_GIND(1.0),27/11/23 23:00:00,A,JAN,IE,2022,5060004,
ESTAT:DEMO_GIND(1.0),27/11/23 23:00:00,A,JAN,IE,2023,5194336,
ESTAT:DEMO_GIND(1.0),27/11/23 23:00:00,A,JAN,IS,2001,283361,
ESTAT:DEMO_GIND(1.0),27/11/23 23:00:00,A,JAN,IS,2002,286575,
ESTAT:DEMO_GIND(1.0),27/11/23 23:00:00,A,JAN,IS,2003,288471,
ESTAT:DEMO_GIND(1.0),27/11/23 23:00:00,A,JAN,IS,2004,290570,
ESTAT:DEMO_GIND(1.0),27/11/23 23:00:00,A,JAN,IS,2005,293577,
ESTAT:DEMO_GIND(1.0),27/11/23 23:00:00,A,JAN,IS,2006,299891,
ESTAT:DEMO_GIND(1.0),27/11/23 23:00:00,A,JAN,IS,2007,307672,
ESTAT:DEMO_GIND(1.0),27/11/23 23:00:00,A,JAN,IS,2008,315459,
ESTAT:DEMO_GIND(1.0),27/11/23 23:00:00,A,JAN,IS,2009,319368,
ESTAT:DEMO_GIND(1.0),27/11/23 23:00:00,A,JAN,IS,2010,317630,
ESTAT:DEMO_GIND(1.0),27/11/23 23:00:00,A,JAN,IS,2011,318452,
ESTAT:DEMO_GIND(1.0),27/11/23 23:00:00,A,JAN,IS,2012,319575,
ESTAT:DEMO_GIND(1.0),27/11/23 23:00:00,A,JAN,IS,2013,321857,
ESTAT:DEMO_GIND(1.0),27/11/23 23:00:00,A,JAN,IS,2014,325671,
ESTAT:DEMO_GIND(1.0),27/11/23 23:00:00,A,JAN,IS,2015,329100,
ESTAT:DEMO_GIND(1.0),27/11/23 23:00:00,A,JAN,IS,2016,332529,
ESTAT:DEMO_GIND(1.0),27/11/23 23:00:00,A,JAN,IS,2017,338349,
ESTAT:DEMO_GIND(1.0),27/11/23 23:00:00,A,JAN,IS,2018,348450,
ESTAT:DEMO_GIND(1.0),27/11/23 23:00:00,A,JAN,IS,2019,356991,
ESTAT:DEMO_GIND(1.0),27/11/23 23:00:00,A,JAN,IS,2020,364134,
ESTAT:DEMO_GIND(1.0),27/11/23 23:00:00,A,JAN,IS,2021,368792,
ESTAT:DEMO_GIND(1.0),27/11/23 23:00:00,A,JAN,IS,2022,376248,
ESTAT:DEMO_GIND(1.0),27/11/23 23:00:00,A,JAN,IS,2023,387758,
ESTAT:DEMO_GIND(1.0),27/11/23 23:00:00,A,JAN,IT,2001,56960692,
ESTAT:DEMO_GIND(1.0),27/11/23 23:00:00,A,JAN,IT,2002,56987507,
ESTAT:DEMO_GIND(1.0),27/11/23 23:00:00,A,JAN,IT,2003,57130506,
ESTAT:DEMO_GIND(1.0),27/11/23 23:00:00,A,JAN,IT,2004,57495900,
ESTAT:DEMO_GIND(1.0),27/11/23 23:00:00,A,JAN,IT,2005,57874753,
ESTAT:DEMO_GIND(1.0),27/11/23 23:00:00,A,JAN,IT,2006,58064214,
ESTAT:DEMO_GIND(1.0),27/11/23 23:00:00,A,JAN,IT,2007,58223744,
ESTAT:DEMO_GIND(1.0),27/11/23 23:00:00,A,JAN,IT,2008,58652875,
ESTAT:DEMO_GIND(1.0),27/11/23 23:00:00,A,JAN,IT,2009,59000586,
ESTAT:DEMO_GIND(1.0),27/11/23 23:00:00,A,JAN,IT,2010,59190143,
ESTAT:DEMO_GIND(1.0),27/11/23 23:00:00,A,JAN,IT,2011,59364690,
ESTAT:DEMO_GIND(1.0),27/11/23 23:00:00,A,JAN,IT,2012,59394207,
ESTAT:DEMO_GIND(1.0),27/11/23 23:00:00,A,JAN,IT,2013,59685227,
ESTAT:DEMO_GIND(1.0),27/11/23 23:00:00,A,JAN,IT,2014,60782668,
ESTAT:DEMO_GIND(1.0),27/11/23 23:00:00,A,JAN,IT,2015,60795612,
ESTAT:DEMO_GIND(1.0),27/11/23 23:00:00,A,JAN,IT,2016,60665551,
ESTAT:DEMO_GIND(1.0),27/11/23 23:00:00,A,JAN,IT,2017,60589445,
ESTAT:DEMO_GIND(1.0),27/11/23 23:00:00,A,JAN,IT,2018,60483973,
ESTAT:DEMO_GIND(1.0),27/11/23 23:00:00,A,JAN,IT,2019,59816673,b
ESTAT:DEMO_GIND(1.0),27/11/23 23:00:00,A,JAN,IT,2020,59641488,
ESTAT:DEMO_GIND(1.0),27/11/23 23:00:00,A,JAN,IT,2021,59236213,
ESTAT:DEMO_GIND(1.0),27/11/23 23:00:00,A,JAN,IT,2022,59030133,
ESTAT:DEMO_GIND(1.0),27/11/23 23:00:00,A,JAN,IT,2023,58850717,p
ESTAT:DEMO_GIND(1.0),27/11/23 23:00:00,A,JAN,LI,2001,32863,
ESTAT:DEMO_GIND(1.0),27/11/23 23:00:00,A,JAN,LI,2002,33525,
ESTAT:DEMO_GIND(1.0),27/11/23 23:00:00,A,JAN,LI,2003,33863,
ESTAT:DEMO_GIND(1.0),27/11/23 23:00:00,A,JAN,LI,2004,34294,
ESTAT:DEMO_GIND(1.0),27/11/23 23:00:00,A,JAN,LI,2005,34600,
ESTAT:DEMO_GIND(1.0),27/11/23 23:00:00,A,JAN,LI,2006,34905,
ESTAT:DEMO_GIND(1.0),27/11/23 23:00:00,A,JAN,LI,2007,35168,
ESTAT:DEMO_GIND(1.0),27/11/23 23:00:00,A,JAN,LI,2008,35356,
ESTAT:DEMO_GIND(1.0),27/11/23 23:00:00,A,JAN,LI,2009,35589,
ESTAT:DEMO_GIND(1.0),27/11/23 23:00:00,A,JAN,LI,2010,35894,
ESTAT:DEMO_GIND(1.0),27/11/23 23:00:00,A,JAN,LI,2011,36149,
ESTAT:DEMO_GIND(1.0),27/11/23 23:00:00,A,JAN,LI,2012,36475,
ESTAT:DEMO_GIND(1.0),27/11/23 23:00:00,A,JAN,LI,2013,36838,
ESTAT:DEMO_GIND(1.0),27/11/23 23:00:00,A,JAN,LI,2014,37129,
ESTAT:DEMO_GIND(1.0),27/11/23 23:00:00,A,JAN,LI,2015,37366,
ESTAT:DEMO_GIND(1.0),27/11/23 23:00:00,A,JAN,LI,2016,37622,
ESTAT:DEMO_GIND(1.0),27/11/23 23:00:00,A,JAN,LI,2017,37810,
ESTAT:DEMO_GIND(1.0),27/11/23 23:00:00,A,JAN,LI,2018,38114,
ESTAT:DEMO_GIND(1.0),27/11/23 23:00:00,A,JAN,LI,2019,38378,
ESTAT:DEMO_GIND(1.0),27/11/23 23:00:00,A,JAN,LI,2020,38747,
ESTAT:DEMO_GIND(1.0),27/11/23 23:00:00,A,JAN,LI,2021,39055,
ESTAT:DEMO_GIND(1.0),27/11/23 23:00:00,A,JAN,LI,2022,39308,
ESTAT:DEMO_GIND(1.0),27/11/23 23:00:00,A,JAN,LI,2023,39679,p
ESTAT:DEMO_GIND(1.0),27/11/23 23:00:00,A,JAN,LT,2001,3486998,
ESTAT:DEMO_GIND(1.0),27/11/23 23:00:00,A,JAN,LT,2002,3454637,
ESTAT:DEMO_GIND(1.0),27/11/23 23:00:00,A,JAN,LT,2003,3431497,
ESTAT:DEMO_GIND(1.0),27/11/23 23:00:00,A,JAN,LT,2004,3398929,
ESTAT:DEMO_GIND(1.0),27/11/23 23:00:00,A,JAN,LT,2005,3355220,
ESTAT:DEMO_GIND(1.0),27/11/23 23:00:00,A,JAN,LT,2006,3289835,
ESTAT:DEMO_GIND(1.0),27/11/23 23:00:00,A,JAN,LT,2007,3249983,
ESTAT:DEMO_GIND(1.0),27/11/23 23:00:00,A,JAN,LT,2008,3212605,
ESTAT:DEMO_GIND(1.0),27/11/23 23:00:00,A,JAN,LT,2009,3183856,
ESTAT:DEMO_GIND(1.0),27/11/23 23:00:00,A,JAN,LT,2010,3141976,
ESTAT:DEMO_GIND(1.0),27/11/23 23:00:00,A,JAN,LT,2011,3052588,
ESTAT:DEMO_GIND(1.0),27/11/23 23:00:00,A,JAN,LT,2012,3003641,
ESTAT:DEMO_GIND(1.0),27/11/23 23:00:00,A,JAN,LT,2013,2971905,
ESTAT:DEMO_GIND(1.0),27/11/23 23:00:00,A,JAN,LT,2014,2943472,
ESTAT:DEMO_GIND(1.0),27/11/23 23:00:00,A,JAN,LT,2015,2921262,
ESTAT:DEMO_GIND(1.0),27/11/23 23:00:00,A,JAN,LT,2016,2888558,
ESTAT:DEMO_GIND(1.0),27/11/23 23:00:00,A,JAN,LT,2017,2847904,
ESTAT:DEMO_GIND(1.0),27/11/23 23:00:00,A,JAN,LT,2018,2808901,
ESTAT:DEMO_GIND(1.0),27/11/23 23:00:00,A,JAN,LT,2019,2794184,
ESTAT:DEMO_GIND(1.0),27/11/23 23:00:00,A,JAN,LT,2020,2794090,
ESTAT:DEMO_GIND(1.0),27/11/23 23:00:00,A,JAN,LT,2021,2795680,
ESTAT:DEMO_GIND(1.0),27/11/23 23:00:00,A,JAN,LT,2022,2805998,
ESTAT:DEMO_GIND(1.0),27/11/23 23:00:00,A,JAN,LT,2023,2857279,
ESTAT:DEMO_GIND(1.0),27/11/23 23:00:00,A,JAN,LU,2001,439000,
ESTAT:DEMO_GIND(1.0),27/11/23 23:00:00,A,JAN,LU,2002,444050,
ESTAT:DEMO_GIND(1.0),27/11/23 23:00:00,A,JAN,LU,2003,448300,
ESTAT:DEMO_GIND(1.0),27/11/23 23:00:00,A,JAN,LU,2004,454960,
ESTAT:DEMO_GIND(1.0),27/11/23 23:00:00,A,JAN,LU,2005,461230,
ESTAT:DEMO_GIND(1.0),27/11/23 23:00:00,A,JAN,LU,2006,469086,
ESTAT:DEMO_GIND(1.0),27/11/23 23:00:00,A,JAN,LU,2007,476187,
ESTAT:DEMO_GIND(1.0),27/11/23 23:00:00,A,JAN,LU,2008,483799,
ESTAT:DEMO_GIND(1.0),27/11/23 23:00:00,A,JAN,LU,2009,493500,
ESTAT:DEMO_GIND(1.0),27/11/23 23:00:00,A,JAN,LU,2010,502066,
ESTAT:DEMO_GIND(1.0),27/11/23 23:00:00,A,JAN,LU,2011,511840,
ESTAT:DEMO_GIND(1.0),27/11/23 23:00:00,A,JAN,LU,2012,524853,b
ESTAT:DEMO_GIND(1.0),27/11/23 23:00:00,A,JAN,LU,2013,537039,
ESTAT:DEMO_GIND(1.0),27/11/23 23:00:00,A,JAN,LU,2014,549680,
ESTAT:DEMO_GIND(1.0),27/11/23 23:00:00,A,JAN,LU,2015,562958,
ESTAT:DEMO_GIND(1.0),27/11/23 23:00:00,A,JAN,LU,2016,576249,
ESTAT:DEMO_GIND(1.0),27/11/23 23:00:00,A,JAN,LU,2017,590667,b
ESTAT:DEMO_GIND(1.0),27/11/23 23:00:00,A,JAN,LU,2018,602005,
ESTAT:DEMO_GIND(1.0),27/11/23 23:00:00,A,JAN,LU,2019,613894,
ESTAT:DEMO_GIND(1.0),27/11/23 23:00:00,A,JAN,LU,2020,626108,
ESTAT:DEMO_GIND(1.0),27/11/23 23:00:00,A,JAN,LU,2021,634730,
ESTAT:DEMO_GIND(1.0),27/11/23 23:00:00,A,JAN,LU,2022,645397,
ESTAT:DEMO_GIND(1.0),27/11/23 23:00:00,A,JAN,LU,2023,660809,
ESTAT:DEMO_GIND(1.0),27/11/23 23:00:00,A,JAN,LV,2001,2353384,
ESTAT:DEMO_GIND(1.0),27/11/23 23:00:00,A,JAN,LV,2002,2320956,
ESTAT:DEMO_GIND(1.0),27/11/23 23:00:00,A,JAN,LV,2003,2299390,
ESTAT:DEMO_GIND(1.0),27/11/23 23:00:00,A,JAN,LV,2004,2276520,
ESTAT:DEMO_GIND(1.0),27/11/23 23:00:00,A,JAN,LV,2005,2249724,
ESTAT:DEMO_GIND(1.0),27/11/23 23:00:00,A,JAN,LV,2006,2227874,
ESTAT:DEMO_GIND(1.0),27/11/23 23:00:00,A,JAN,LV,2007,2208840,
ESTAT:DEMO_GIND(1.0),27/11/23 23:00:00,A,JAN,LV,2008,2191810,
ESTAT:DEMO_GIND(1.0),27/11/23 23:00:00,A,JAN,LV,2009,2162834,
ESTAT:DEMO_GIND(1.0),27/11/23 23:00:00,A,JAN,LV,2010,2120504,
ESTAT:DEMO_GIND(1.0),27/11/23 23:00:00,A,JAN,LV,2011,2074605,
ESTAT:DEMO_GIND(1.0),27/11/23 23:00:00,A,JAN,LV,2012,2044813,
ESTAT:DEMO_GIND(1.0),27/11/23 23:00:00,A,JAN,LV,2013,2023825,
ESTAT:DEMO_GIND(1.0),27/11/23 23:00:00,A,JAN,LV,2014,2001468,
ESTAT:DEMO_GIND(1.0),27/11/23 23:00:00,A,JAN,LV,2015,1986096,
ESTAT:DEMO_GIND(1.0),27/11/23 23:00:00,A,JAN,LV,2016,1968957,
ESTAT:DEMO_GIND(1.0),27/11/23 23:00:00,A,JAN,LV,2017,1950116,
ESTAT:DEMO_GIND(1.0),27/11/23 23:00:00,A,JAN,LV,2018,1934379,
ESTAT:DEMO_GIND(1.0),27/11/23 23:00:00,A,JAN,LV,2019,1919968,
ESTAT:DEMO_GIND(1.0),27/11/23 23:00:00,A,JAN,LV,2020,1907675,
ESTAT:DEMO_GIND(1.0),27/11/23 23:00:00,A,JAN,LV,2021,1893223,
ESTAT:DEMO_GIND(1.0),27/11/23 23:00:00,A,JAN,LV,2022,1875757,
ESTAT:DEMO_GIND(1.0),27/11/23 23:00:00,A,JAN,LV,2023,1883008,
ESTAT:DEMO_GIND(1.0),27/11/23 23:00:00,A,JAN,MC,2004,32828,
ESTAT:DEMO_GIND(1.0),27/11/23 23:00:00,A,JAN,MC,2005,33085,
ESTAT:DEMO_GIND(1.0),27/11/23 23:00:00,A,JAN,MC,2015,37700,e
ESTAT:DEMO_GIND(1.0),27/11/23 23:00:00,A,JAN,MC,2016,38200,
ESTAT:DEMO_GIND(1.0),27/11/23 23:00:00,A,JAN,MC,2018,38300,
ESTAT:DEMO_GIND(1.0),27/11/23 23:00:00,A,JAN,MC,2019,38300,e
ESTAT:DEMO_GIND(1.0),27/11/23 23:00:00,A,JAN,MD,2001,3635112,
ESTAT:DEMO_GIND(1.0),27/11/23 23:00:00,A,JAN,MD,2002,3627812,
ESTAT:DEMO_GIND(1.0),27/11/23 23:00:00,A,JAN,MD,2003,3618312,
ESTAT:DEMO_GIND(1.0),27/11/23 23:00:00,A,JAN,MD,2004,3607435,
ESTAT:DEMO_GIND(1.0),27/11/23 23:00:00,A,JAN,MD,2005,3600436,
ESTAT:DEMO_GIND(1.0),27/11/23 23:00:00,A,JAN,MD,2006,3589936,
ESTAT:DEMO_GIND(1.0),27/11/23 23:00:00,A,JAN,MD,2007,3581110,
ESTAT:DEMO_GIND(1.0),27/11/23 23:00:00,A,JAN,MD,2008,3572703,
ESTAT:DEMO_GIND(1.0),27/11/23 23:00:00,A,JAN,MD,2009,3567512,
ESTAT:DEMO_GIND(1.0),27/11/23 23:00:00,A,JAN,MD,2010,3563695,
ESTAT:DEMO_GIND(1.0),27/11/23 23:00:00,A,JAN,MD,2011,3560430,
ESTAT:DEMO_GIND(1.0),27/11/23 23:00:00,A,JAN,MD,2012,3559541,
ESTAT:DEMO_GIND(1.0),27/11/23 23:00:00,A,JAN,MD,2013,3559497,
ESTAT:DEMO_GIND(1.0),27/11/23 23:00:00,A,JAN,MD,2014,2869226,be
ESTAT:DEMO_GIND(1.0),27/11/23 23:00:00,A,JAN,MD,2015,2844673,e
ESTAT:DEMO_GIND(1.0),27/11/23 23:00:00,A,JAN,MD,2016,2824387,e
ESTAT:DEMO_GIND(1.0),27/11/23 23:00:00,A,JAN,MD,2017,2779952,e
ESTAT:DEMO_GIND(1.0),27/11/23 23:00:00,A,JAN,MD,2018,2730364,e
ESTAT:DEMO_GIND(1.0),27/11/23 23:00:00,A,JAN,MD,2019,2686064,e
ESTAT:DEMO_GIND(1.0),27/11/23 23:00:00,A,JAN,MD,2020,2640438,e
ESTAT:DEMO_GIND(1.0),27/11/23 23:00:00,A,JAN,MD,2021,2597107,p
ESTAT:DEMO_GIND(1.0),27/11/23 23:00:00,A,JAN,MD,2022,2603729,e
ESTAT:DEMO_GIND(1.0),27/11/23 23:00:00,A,JAN,MD,2023,2512758,
ESTAT:DEMO_GIND(1.0),27/11/23 23:00:00,A,JAN,ME,2001,605988,
ESTAT:DEMO_GIND(1.0),27/11/23 23:00:00,A,JAN,ME,2002,608460,
ESTAT:DEMO_GIND(1.0),27/11/23 23:00:00,A,JAN,ME,2003,610510,
ESTAT:DEMO_GIND(1.0),27/11/23 23:00:00,A,JAN,ME,2004,612214,
ESTAT:DEMO_GIND(1.0),27/11/23 23:00:00,A,JAN,ME,2005,613420,
ESTAT:DEMO_GIND(1.0),27/11/23 23:00:00,A,JAN,ME,2006,613109,
ESTAT:DEMO_GIND(1.0),27/11/23 23:00:00,A,JAN,ME,2007,614624,
ESTAT:DEMO_GIND(1.0),27/11/23 23:00:00,A,JAN,ME,2008,615543,
ESTAT:DEMO_GIND(1.0),27/11/23 23:00:00,A,JAN,ME,2009,617157,
ESTAT:DEMO_GIND(1.0),27/11/23 23:00:00,A,JAN,ME,2010,619001,
ESTAT:DEMO_GIND(1.0),27/11/23 23:00:00,A,JAN,ME,2011,619850,
ESTAT:DEMO_GIND(1.0),27/11/23 23:00:00,A,JAN,ME,2012,620308,
ESTAT:DEMO_GIND(1.0),27/11/23 23:00:00,A,JAN,ME,2013,620893,
ESTAT:DEMO_GIND(1.0),27/11/23 23:00:00,A,JAN,ME,2014,621521,
ESTAT:DEMO_GIND(1.0),27/11/23 23:00:00,A,JAN,ME,2015,622099,
ESTAT:DEMO_GIND(1.0),27/11/23 23:00:00,A,JAN,ME,2016,622218,
ESTAT:DEMO_GIND(1.0),27/11/23 23:00:00,A,JAN,ME,2017,622387,
ESTAT:DEMO_GIND(1.0),27/11/23 23:00:00,A,JAN,ME,2018,622359,
ESTAT:DEMO_GIND(1.0),27/11/23 23:00:00,A,JAN,ME,2019,622182,
ESTAT:DEMO_GIND(1.0),27/11/23 23:00:00,A,JAN,ME,2020,621873,
ESTAT:DEMO_GIND(1.0),27/11/23 23:00:00,A,JAN,ME,2021,620739,
ESTAT:DEMO_GIND(1.0),27/11/23 23:00:00,A,JAN,ME,2022,617683,
ESTAT:DEMO_GIND(1.0),27/11/23 23:00:00,A,JAN,ME,2023,616695,
ESTAT:DEMO_GIND(1.0),27/11/23 23:00:00,A,JAN,MK,2001,2031112,
ESTAT:DEMO_GIND(1.0),27/11/23 23:00:00,A,JAN,MK,2002,2038651,
ESTAT:DEMO_GIND(1.0),27/11/23 23:00:00,A,JAN,MK,2003,2023654,
ESTAT:DEMO_GIND(1.0),27/11/23 23:00:00,A,JAN,MK,2004,2029892,
ESTAT:DEMO_GIND(1.0),27/11/23 23:00:00,A,JAN,MK,2005,2035196,
ESTAT:DEMO_GIND(1.0),27/11/23 23:00:00,A,JAN,MK,2006,2038514,
ESTAT:DEMO_GIND(1.0),27/11/23 23:00:00,A,JAN,MK,2007,2041941,
ESTAT:DEMO_GIND(1.0),27/11/23 23:00:00,A,JAN,MK,2008,2045177,
ESTAT:DEMO_GIND(1.0),27/11/23 23:00:00,A,JAN,MK,2009,2048619,
ESTAT:DEMO_GIND(1.0),27/11/23 23:00:00,A,JAN,MK,2010,2052722,
ESTAT:DEMO_GIND(1.0),27/11/23 23:00:00,A,JAN,MK,2011,2057284,
ESTAT:DEMO_GIND(1.0),27/11/23 23:00:00,A,JAN,MK,2012,2059794,
ESTAT:DEMO_GIND(1.0),27/11/23 23:00:00,A,JAN,MK,2013,2062294,e
ESTAT:DEMO_GIND(1.0),27/11/23 23:00:00,A,JAN,MK,2014,2065769,e
ESTAT:DEMO_GIND(1.0),27/11/23 23:00:00,A,JAN,MK,2015,2069172,e
ESTAT:DEMO_GIND(1.0),27/11/23 23:00:00,A,JAN,MK,2016,2071278,e
ESTAT:DEMO_GIND(1.0),27/11/23 23:00:00,A,JAN,MK,2017,2073702,e
ESTAT:DEMO_GIND(1.0),27/11/23 23:00:00,A,JAN,MK,2018,2075301,
ESTAT:DEMO_GIND(1.0),27/11/23 23:00:00,A,JAN,MK,2019,2077132,
ESTAT:DEMO_GIND(1.0),27/11/23 23:00:00,A,JAN,MK,2020,2076255,
ESTAT:DEMO_GIND(1.0),27/11/23 23:00:00,A,JAN,MK,2021,2068808,
ESTAT:DEMO_GIND(1.0),27/11/23 23:00:00,A,JAN,MK,2022,1837114,b
ESTAT:DEMO_GIND(1.0),27/11/23 23:00:00,A,JAN,MK,2023,1829954,
ESTAT:DEMO_GIND(1.0),27/11/23 23:00:00,A,JAN,MT,2001,391415,
ESTAT:DEMO_GIND(1.0),27/11/23 23:00:00,A,JAN,MT,2002,394641,
ESTAT:DEMO_GIND(1.0),27/11/23 23:00:00,A,JAN,MT,2003,397296,
ESTAT:DEMO_GIND(1.0),27/11/23 23:00:00,A,JAN,MT,2004,399867,
ESTAT:DEMO_GIND(1.0),27/11/23 23:00:00,A,JAN,MT,2005,402668,
ESTAT:DEMO_GIND(1.0),27/11/23 23:00:00,A,JAN,MT,2006,404999,
ESTAT:DEMO_GIND(1.0),27/11/23 23:00:00,A,JAN,MT,2007,405616,
ESTAT:DEMO_GIND(1.0),27/11/23 23:00:00,A,JAN,MT,2008,407832,
ESTAT:DEMO_GIND(1.0),27/11/23 23:00:00,A,JAN,MT,2009,410926,
ESTAT:DEMO_GIND(1.0),27/11/23 23:00:00,A,JAN,MT,2010,414027,
ESTAT:DEMO_GIND(1.0),27/11/23 23:00:00,A,JAN,MT,2011,414989,
ESTAT:DEMO_GIND(1.0),27/11/23 23:00:00,A,JAN,MT,2012,417546,
ESTAT:DEMO_GIND(1.0),27/11/23 23:00:00,A,JAN,MT,2013,422509,
ESTAT:DEMO_GIND(1.0),27/11/23 23:00:00,A,JAN,MT,2014,429424,
ESTAT:DEMO_GIND(1.0),27/11/23 23:00:00,A,JAN,MT,2015,439691,
ESTAT:DEMO_GIND(1.0),27/11/23 23:00:00,A,JAN,MT,2016,450415,
ESTAT:DEMO_GIND(1.0),27/11/23 23:00:00,A,JAN,MT,2017,460297,
ESTAT:DEMO_GIND(1.0),27/11/23 23:00:00,A,JAN,MT,2018,475701,
ESTAT:DEMO_GIND(1.0),27/11/23 23:00:00,A,JAN,MT,2019,493559,
ESTAT:DEMO_GIND(1.0),27/11/23 23:00:00,A,JAN,MT,2020,514564,
ESTAT:DEMO_GIND(1.0),27/11/23 23:00:00,A,JAN,MT,2021,516100,
ESTAT:DEMO_GIND(1.0),27/11/23 23:00:00,A,JAN,MT,2022,520971,
ESTAT:DEMO_GIND(1.0),27/11/23 23:00:00,A,JAN,MT,2023,542051,b
ESTAT:DEMO_GIND(1.0),27/11/23 23:00:00,A,JAN,NL,2001,15987075,
ESTAT:DEMO_GIND(1.0),27/11/23 23:00:00,A,JAN,NL,2002,16105285,
ESTAT:DEMO_GIND(1.0),27/11/23 23:00:00,A,JAN,NL,2003,16192572,
ESTAT:DEMO_GIND(1.0),27/11/23 23:00:00,A,JAN,NL,2004,16258032,
ESTAT:DEMO_GIND(1.0),27/11/23 23:00:00,A,JAN,NL,2005,16305526,
ESTAT:DEMO_GIND(1.0),27/11/23 23:00:00,A,JAN,NL,2006,16334210,
ESTAT:DEMO_GIND(1.0),27/11/23 23:00:00,A,JAN,NL,2007,16357992,
ESTAT:DEMO_GIND(1.0),27/11/23 23:00:00,A,JAN,NL,2008,16405399,
ESTAT:DEMO_GIND(1.0),27/11/23 23:00:00,A,JAN,NL,2009,16485787,
ESTAT:DEMO_GIND(1.0),27/11/23 23:00:00,A,JAN,NL,2010,16574989,
ESTAT:DEMO_GIND(1.0),27/11/23 23:00:00,A,JAN,NL,2011,16655799,
ESTAT:DEMO_GIND(1.0),27/11/23 23:00:00,A,JAN,NL,2012,16730348,
ESTAT:DEMO_GIND(1.0),27/11/23 23:00:00,A,JAN,NL,2013,16779575,
ESTAT:DEMO_GIND(1.0),27/11/23 23:00:00,A,JAN,NL,2014,16829289,
ESTAT:DEMO_GIND(1.0),27/11/23 23:00:00,A,JAN,NL,2015,16900726,
ESTAT:DEMO_GIND(1.0),27/11/23 23:00:00,A,JAN,NL,2016,16979120,
ESTAT:DEMO_GIND(1.0),27/11/23 23:00:00,A,JAN,NL,2017,17081507,
ESTAT:DEMO_GIND(1.0),27/11/23 23:00:00,A,JAN,NL,2018,17181084,
ESTAT:DEMO_GIND(1.0),27/11/23 23:00:00,A,JAN,NL,2019,17282163,
ESTAT:DEMO_GIND(1.0),27/11/23 23:00:00,A,JAN,NL,2020,17407585,
ESTAT:DEMO_GIND(1.0),27/11/23 23:00:00,A,JAN,NL,2021,17475415,
ESTAT:DEMO_GIND(1.0),27/11/23 23:00:00,A,JAN,NL,2022,17590672,
ESTAT:DEMO_GIND(1.0),27/11/23 23:00:00,A,JAN,NL,2023,17811291,
ESTAT:DEMO_GIND(1.0),27/11/23 23:00:00,A,JAN,NO,2001,4503436,
ESTAT:DEMO_GIND(1.0),27/11/23 23:00:00,A,JAN,NO,2002,4524066,
ESTAT:DEMO_GIND(1.0),27/11/23 23:00:00,A,JAN,NO,2003,4552252,
ESTAT:DEMO_GIND(1.0),27/11/23 23:00:00,A,JAN,NO,2004,4577457,
ESTAT:DEMO_GIND(1.0),27/11/23 23:00:00,A,JAN,NO,2005,4606363,
ESTAT:DEMO_GIND(1.0),27/11/23 23:00:00,A,JAN,NO,2006,4640219,
ESTAT:DEMO_GIND(1.0),27/11/23 23:00:00,A,JAN,NO,2007,4681134,
ESTAT:DEMO_GIND(1.0),27/11/23 23:00:00,A,JAN,NO,2008,4737171,
ESTAT:DEMO_GIND(1.0),27/11/23 23:00:00,A,JAN,NO,2009,4799252,
ESTAT:DEMO_GIND(1.0),27/11/23 23:00:00,A,JAN,NO,2010,4858199,
ESTAT:DEMO_GIND(1.0),27/11/23 23:00:00,A,JAN,NO,2011,4920305,
ESTAT:DEMO_GIND(1.0),27/11/23 23:00:00,A,JAN,NO,2012,4985870,
ESTAT:DEMO_GIND(1.0),27/11/23 23:00:00,A,JAN,NO,2013,5051275,
ESTAT:DEMO_GIND(1.0),27/11/23 23:00:00,A,JAN,NO,2014,5107970,
ESTAT:DEMO_GIND(1.0),27/11/23 23:00:00,A,JAN,NO,2015,5166493,
ESTAT:DEMO_GIND(1.0),27/11/23 23:00:00,A,JAN,NO,2016,5210721,
ESTAT:DEMO_GIND(1.0),27/11/23 23:00:00,A,JAN,NO,2017,5258317,
ESTAT:DEMO_GIND(1.0),27/11/23 23:00:00,A,JAN,NO,2018,5295619,
ESTAT:DEMO_GIND(1.0),27/11/23 23:00:00,A,JAN,NO,2019,5328212,
ESTAT:DEMO_GIND(1.0),27/11/23 23:00:00,A,JAN,NO,2020,5367580,
ESTAT:DEMO_GIND(1.0),27/11/23 23:00:00,A,JAN,NO,2021,5391369,
ESTAT:DEMO_GIND(1.0),27/11/23 23:00:00,A,JAN,NO,2022,5425270,
ESTAT:DEMO_GIND(1.0),27/11/23 23:00:00,A,JAN,NO,2023,5488984,
ESTAT:DEMO_GIND(1.0),27/11/23 23:00:00,A,JAN,PL,2001,38253955,
ESTAT:DEMO_GIND(1.0),27/11/23 23:00:00,A,JAN,PL,2002,38242197,
ESTAT:DEMO_GIND(1.0),27/11/23 23:00:00,A,JAN,PL,2003,38218531,
ESTAT:DEMO_GIND(1.0),27/11/23 23:00:00,A,JAN,PL,2004,38190608,
ESTAT:DEMO_GIND(1.0),27/11/23 23:00:00,A,JAN,PL,2005,38173835,
ESTAT:DEMO_GIND(1.0),27/11/23 23:00:00,A,JAN,PL,2006,38157055,
ESTAT:DEMO_GIND(1.0),27/11/23 23:00:00,A,JAN,PL,2007,38125479,
ESTAT:DEMO_GIND(1.0),27/11/23 23:00:00,A,JAN,PL,2008,38115641,
ESTAT:DEMO_GIND(1.0),27/11/23 23:00:00,A,JAN,PL,2009,38135876,
ESTAT:DEMO_GIND(1.0),27/11/23 23:00:00,A,JAN,PL,2010,38022869,b
ESTAT:DEMO_GIND(1.0),27/11/23 23:00:00,A,JAN,PL,2011,38062718,
ESTAT:DEMO_GIND(1.0),27/11/23 23:00:00,A,JAN,PL,2012,38063792,
ESTAT:DEMO_GIND(1.0),27/11/23 23:00:00,A,JAN,PL,2013,38062535,
ESTAT:DEMO_GIND(1.0),27/11/23 23:00:00,A,JAN,PL,2014,38017856,
ESTAT:DEMO_GIND(1.0),27/11/23 23:00:00,A,JAN,PL,2015,38005614,
ESTAT:DEMO_GIND(1.0),27/11/23 23:00:00,A,JAN,PL,2016,37967209,
ESTAT:DEMO_GIND(1.0),27/11/23 23:00:00,A,JAN,PL,2017,37972964,
ESTAT:DEMO_GIND(1.0),27/11/23 23:00:00,A,JAN,PL,2018,37976687,e
ESTAT:DEMO_GIND(1.0),27/11/23 23:00:00,A,JAN,PL,2019,37972812,
ESTAT:DEMO_GIND(1.0),27/11/23 23:00:00,A,JAN,PL,2020,37958138,e
ESTAT:DEMO_GIND(1.0),27/11/23 23:00:00,A,JAN,PL,2021,37840001,ep
ESTAT:DEMO_GIND(1.0),27/11/23 23:00:00,A,JAN,PL,2022,37654247,
ESTAT:DEMO_GIND(1.0),27/11/23 23:00:00,A,JAN,PL,2023,36753736,b
ESTAT:DEMO_GIND(1.0),27/11/23 23:00:00,A,JAN,PT,2001,10330774,
ESTAT:DEMO_GIND(1.0),27/11/23 23:00:00,A,JAN,PT,2002,10394669,
ESTAT:DEMO_GIND(1.0),27/11/23 23:00:00,A,JAN,PT,2003,10444592,
ESTAT:DEMO_GIND(1.0),27/11/23 23:00:00,A,JAN,PT,2004,10473050,
ESTAT:DEMO_GIND(1.0),27/11/23 23:00:00,A,JAN,PT,2005,10494672,
ESTAT:DEMO_GIND(1.0),27/11/23 23:00:00,A,JAN,PT,2006,10511988,
ESTAT:DEMO_GIND(1.0),27/11/23 23:00:00,A,JAN,PT,2007,10532588,
ESTAT:DEMO_GIND(1.0),27/11/23 23:00:00,A,JAN,PT,2008,10553339,
ESTAT:DEMO_GIND(1.0),27/11/23 23:00:00,A,JAN,PT,2009,10563014,
ESTAT:DEMO_GIND(1.0),27/11/23 23:00:00,A,JAN,PT,2010,10573479,
ESTAT:DEMO_GIND(1.0),27/11/23 23:00:00,A,JAN,PT,2011,10572721,
ESTAT:DEMO_GIND(1.0),27/11/23 23:00:00,A,JAN,PT,2012,10542398,
ESTAT:DEMO_GIND(1.0),27/11/23 23:00:00,A,JAN,PT,2013,10487289,
ESTAT:DEMO_GIND(1.0),27/11/23 23:00:00,A,JAN,PT,2014,10427301,
ESTAT:DEMO_GIND(1.0),27/11/23 23:00:00,A,JAN,PT,2015,10374822,
ESTAT:DEMO_GIND(1.0),27/11/23 23:00:00,A,JAN,PT,2016,10341330,
ESTAT:DEMO_GIND(1.0),27/11/23 23:00:00,A,JAN,PT,2017,10309573,
ESTAT:DEMO_GIND(1.0),27/11/23 23:00:00,A,JAN,PT,2018,10291027,
ESTAT:DEMO_GIND(1.0),27/11/23 23:00:00,A,JAN,PT,2019,10276617,
ESTAT:DEMO_GIND(1.0),27/11/23 23:00:00,A,JAN,PT,2020,10295909,
ESTAT:DEMO_GIND(1.0),27/11/23 23:00:00,A,JAN,PT,2021,10298252,
ESTAT:DEMO_GIND(1.0),27/11/23 23:00:00,A,JAN,PT,2022,10352042,bp
ESTAT:DEMO_GIND(1.0),27/11/23 23:00:00,A,JAN,PT,2023,10467366,
ESTAT:DEMO_GIND(1.0),27/11/23 23:00:00,A,JAN,RO,2001,22430457,
ESTAT:DEMO_GIND(1.0),27/11/23 23:00:00,A,JAN,RO,2002,21833483,
ESTAT:DEMO_GIND(1.0),27/11/23 23:00:00,A,JAN,RO,2003,21627509,
ESTAT:DEMO_GIND(1.0),27/11/23 23:00:00,A,JAN,RO,2004,21521142,
ESTAT:DEMO_GIND(1.0),27/11/23 23:00:00,A,JAN,RO,2005,21382354,
ESTAT:DEMO_GIND(1.0),27/11/23 23:00:00,A,JAN,RO,2006,21257016,
ESTAT:DEMO_GIND(1.0),27/11/23 23:00:00,A,JAN,RO,2007,21130503,
ESTAT:DEMO_GIND(1.0),27/11/23 23:00:00,A,JAN,RO,2008,20635460,
ESTAT:DEMO_GIND(1.0),27/11/23 23:00:00,A,JAN,RO,2009,20440290,
ESTAT:DEMO_GIND(1.0),27/11/23 23:00:00,A,JAN,RO,2010,20294683,
ESTAT:DEMO_GIND(1.0),27/11/23 23:00:00,A,JAN,RO,2011,20199059,
ESTAT:DEMO_GIND(1.0),27/11/23 23:00:00,A,JAN,RO,2012,20095996,
ESTAT:DEMO_GIND(1.0),27/11/23 23:00:00,A,JAN,RO,2013,20020074,
ESTAT:DEMO_GIND(1.0),27/11/23 23:00:00,A,JAN,RO,2014,19947311,
ESTAT:DEMO_GIND(1.0),27/11/23 23:00:00,A,JAN,RO,2015,19870647,
ESTAT:DEMO_GIND(1.0),27/11/23 23:00:00,A,JAN,RO,2016,19760585,
ESTAT:DEMO_GIND(1.0),27/11/23 23:00:00,A,JAN,RO,2017,19643949,
ESTAT:DEMO_GIND(1.0),27/11/23 23:00:00,A,JAN,RO,2018,19533481,
ESTAT:DEMO_GIND(1.0),27/11/23 23:00:00,A,JAN,RO,2019,19414458,
ESTAT:DEMO_GIND(1.0),27/11/23 23:00:00,A,JAN,RO,2020,19328838,e
ESTAT:DEMO_GIND(1.0),27/11/23 23:00:00,A,JAN,RO,2021,19201662,
ESTAT:DEMO_GIND(1.0),27/11/23 23:00:00,A,JAN,RO,2022,19042455,e
ESTAT:DEMO_GIND(1.0),27/11/23 23:00:00,A,JAN,RO,2023,19051562,p
ESTAT:DEMO_GIND(1.0),27/11/23 23:00:00,A,JAN,RS,2001,7504739,
ESTAT:DEMO_GIND(1.0),27/11/23 23:00:00,A,JAN,RS,2002,7502126,
ESTAT:DEMO_GIND(1.0),27/11/23 23:00:00,A,JAN,RS,2003,7490918,
ESTAT:DEMO_GIND(1.0),27/11/23 23:00:00,A,JAN,RS,2004,7470263,
ESTAT:DEMO_GIND(1.0),27/11/23 23:00:00,A,JAN,RS,2005,7456050,
ESTAT:DEMO_GIND(1.0),27/11/23 23:00:00,A,JAN,RS,2006,7425487,
ESTAT:DEMO_GIND(1.0),27/11/23 23:00:00,A,JAN,RS,2007,7397651,
ESTAT:DEMO_GIND(1.0),27/11/23 23:00:00,A,JAN,RS,2008,7365507,
ESTAT:DEMO_GIND(1.0),27/11/23 23:00:00,A,JAN,RS,2009,7334937,
ESTAT:DEMO_GIND(1.0),27/11/23 23:00:00,A,JAN,RS,2010,7306677,
ESTAT:DEMO_GIND(1.0),27/11/23 23:00:00,A,JAN,RS,2011,7251549,b
ESTAT:DEMO_GIND(1.0),27/11/23 23:00:00,A,JAN,RS,2012,7216649,
ESTAT:DEMO_GIND(1.0),27/11/23 23:00:00,A,JAN,RS,2013,7181505,
ESTAT:DEMO_GIND(1.0),27/11/23 23:00:00,A,JAN,RS,2014,7146759,
ESTAT:DEMO_GIND(1.0),27/11/23 23:00:00,A,JAN,RS,2015,7114393,
ESTAT:DEMO_GIND(1.0),27/11/23 23:00:00,A,JAN,RS,2016,7076372,
ESTAT:DEMO_GIND(1.0),27/11/23 23:00:00,A,JAN,RS,2017,7040272,
ESTAT:DEMO_GIND(1.0),27/11/23 23:00:00,A,JAN,RS,2018,7001444,
ESTAT:DEMO_GIND(1.0),27/11/23 23:00:00,A,JAN,RS,2019,6963764,
ESTAT:DEMO_GIND(1.0),27/11/23 23:00:00,A,JAN,RS,2020,6926705,
ESTAT:DEMO_GIND(1.0),27/11/23 23:00:00,A,JAN,RS,2021,6871547,
ESTAT:DEMO_GIND(1.0),27/11/23 23:00:00,A,JAN,RS,2022,6797105,
ESTAT:DEMO_GIND(1.0),27/11/23 23:00:00,A,JAN,RS,2023,6664449,
ESTAT:DEMO_GIND(1.0),27/11/23 23:00:00,A,JAN,RU,2001,146303611,
ESTAT:DEMO_GIND(1.0),27/11/23 23:00:00,A,JAN,RU,2002,145649334,
ESTAT:DEMO_GIND(1.0),27/11/23 23:00:00,A,JAN,RU,2003,145166731,e
ESTAT:DEMO_GIND(1.0),27/11/23 23:00:00,A,JAN,RU,2004,144168205,
ESTAT:DEMO_GIND(1.0),27/11/23 23:00:00,A,JAN,RU,2005,143474219,e
ESTAT:DEMO_GIND(1.0),27/11/23 23:00:00,A,JAN,RU,2006,142753551,
ESTAT:DEMO_GIND(1.0),27/11/23 23:00:00,A,JAN,RU,2007,142220968,
ESTAT:DEMO_GIND(1.0),27/11/23 23:00:00,A,JAN,RU,2008,142008838,
ESTAT:DEMO_GIND(1.0),27/11/23 23:00:00,A,JAN,RU,2009,141903979,
ESTAT:DEMO_GIND(1.0),27/11/23 23:00:00,A,JAN,RU,2010,141914509,
ESTAT:DEMO_GIND(1.0),27/11/23 23:00:00,A,JAN,RU,2011,142856536,
ESTAT:DEMO_GIND(1.0),27/11/23 23:00:00,A,JAN,RU,2012,143056383,
ESTAT:DEMO_GIND(1.0),27/11/23 23:00:00,A,JAN,RU,2014,143666931,
ESTAT:DEMO_GIND(1.0),27/11/23 23:00:00,A,JAN,SE,2001,8882792,
ESTAT:DEMO_GIND(1.0),27/11/23 23:00:00,A,JAN,SE,2002,8909128,
ESTAT:DEMO_GIND(1.0),27/11/23 23:00:00,A,JAN,SE,2003,8940788,
ESTAT:DEMO_GIND(1.0),27/11/23 23:00:00,A,JAN,SE,2004,8975670,
ESTAT:DEMO_GIND(1.0),27/11/23 23:00:00,A,JAN,SE,2005,9011392,
ESTAT:DEMO_GIND(1.0),27/11/23 23:00:00,A,JAN,SE,2006,9047752,
ESTAT:DEMO_GIND(1.0),27/11/23 23:00:00,A,JAN,SE,2007,9113257,
ESTAT:DEMO_GIND(1.0),27/11/23 23:00:00,A,JAN,SE,2008,9182927,
ESTAT:DEMO_GIND(1.0),27/11/23 23:00:00,A,JAN,SE,2009,9256347,
ESTAT:DEMO_GIND(1.0),27/11/23 23:00:00,A,JAN,SE,2010,9340682,
ESTAT:DEMO_GIND(1.0),27/11/23 23:00:00,A,JAN,SE,2011,9415570,
ESTAT:DEMO_GIND(1.0),27/11/23 23:00:00,A,JAN,SE,2012,9482855,
ESTAT:DEMO_GIND(1.0),27/11/23 23:00:00,A,JAN,SE,2013,9555893,
ESTAT:DEMO_GIND(1.0),27/11/23 23:00:00,A,JAN,SE,2014,9644864,
ESTAT:DEMO_GIND(1.0),27/11/23 23:00:00,A,JAN,SE,2015,9747355,
ESTAT:DEMO_GIND(1.0),27/11/23 23:00:00,A,JAN,SE,2016,9851017,
ESTAT:DEMO_GIND(1.0),27/11/23 23:00:00,A,JAN,SE,2017,9995153,
ESTAT:DEMO_GIND(1.0),27/11/23 23:00:00,A,JAN,SE,2018,10120242,
ESTAT:DEMO_GIND(1.0),27/11/23 23:00:00,A,JAN,SE,2019,10230185,
ESTAT:DEMO_GIND(1.0),27/11/23 23:00:00,A,JAN,SE,2020,10327589,
ESTAT:DEMO_GIND(1.0),27/11/23 23:00:00,A,JAN,SE,2021,10379295,
ESTAT:DEMO_GIND(1.0),27/11/23 23:00:00,A,JAN,SE,2022,10452326,
ESTAT:DEMO_GIND(1.0),27/11/23 23:00:00,A,JAN,SE,2023,10521556,
ESTAT:DEMO_GIND(1.0),27/11/23 23:00:00,A,JAN,SI,2001,1990094,
ESTAT:DEMO_GIND(1.0),27/11/23 23:00:00,A,JAN,SI,2002,1994026,
ESTAT:DEMO_GIND(1.0),27/11/23 23:00:00,A,JAN,SI,2003,1995033,
ESTAT:DEMO_GIND(1.0),27/11/23 23:00:00,A,JAN,SI,2004,1996433,
ESTAT:DEMO_GIND(1.0),27/11/23 23:00:00,A,JAN,SI,2005,1997590,
ESTAT:DEMO_GIND(1.0),27/11/23 23:00:00,A,JAN,SI,2006,2003358,
ESTAT:DEMO_GIND(1.0),27/11/23 23:00:00,A,JAN,SI,2007,2010377,
ESTAT:DEMO_GIND(1.0),27/11/23 23:00:00,A,JAN,SI,2008,2010269,b
ESTAT:DEMO_GIND(1.0),27/11/23 23:00:00,A,JAN,SI,2009,2032362,
ESTAT:DEMO_GIND(1.0),27/11/23 23:00:00,A,JAN,SI,2010,2046976,
ESTAT:DEMO_GIND(1.0),27/11/23 23:00:00,A,JAN,SI,2011,2050189,
ESTAT:DEMO_GIND(1.0),27/11/23 23:00:00,A,JAN,SI,2012,2055496,
ESTAT:DEMO_GIND(1.0),27/11/23 23:00:00,A,JAN,SI,2013,2058821,
ESTAT:DEMO_GIND(1.0),27/11/23 23:00:00,A,JAN,SI,2014,2061085,
ESTAT:DEMO_GIND(1.0),27/11/23 23:00:00,A,JAN,SI,2015,2062874,
ESTAT:DEMO_GIND(1.0),27/11/23 23:00:00,A,JAN,SI,2016,2064188,
ESTAT:DEMO_GIND(1.0),27/11/23 23:00:00,A,JAN,SI,2017,2065895,
ESTAT:DEMO_GIND(1.0),27/11/23 23:00:00,A,JAN,SI,2018,2066880,
ESTAT:DEMO_GIND(1.0),27/11/23 23:00:00,A,JAN,SI,2019,2080908,
ESTAT:DEMO_GIND(1.0),27/11/23 23:00:00,A,JAN,SI,2020,2095861,
ESTAT:DEMO_GIND(1.0),27/11/23 23:00:00,A,JAN,SI,2021,2108977,
ESTAT:DEMO_GIND(1.0),27/11/23 23:00:00,A,JAN,SI,2022,2107180,
ESTAT:DEMO_GIND(1.0),27/11/23 23:00:00,A,JAN,SI,2023,2116792,
ESTAT:DEMO_GIND(1.0),27/11/23 23:00:00,A,JAN,SK,2001,5378783,
ESTAT:DEMO_GIND(1.0),27/11/23 23:00:00,A,JAN,SK,2002,5378951,
ESTAT:DEMO_GIND(1.0),27/11/23 23:00:00,A,JAN,SK,2003,5374873,
ESTAT:DEMO_GIND(1.0),27/11/23 23:00:00,A,JAN,SK,2004,5371875,
ESTAT:DEMO_GIND(1.0),27/11/23 23:00:00,A,JAN,SK,2005,5372685,
ESTAT:DEMO_GIND(1.0),27/11/23 23:00:00,A,JAN,SK,2006,5372928,
ESTAT:DEMO_GIND(1.0),27/11/23 23:00:00,A,JAN,SK,2007,5373180,
ESTAT:DEMO_GIND(1.0),27/11/23 23:00:00,A,JAN,SK,2008,5376064,
ESTAT:DEMO_GIND(1.0),27/11/23 23:00:00,A,JAN,SK,2009,5382401,
ESTAT:DEMO_GIND(1.0),27/11/23 23:00:00,A,JAN,SK,2010,5390410,
ESTAT:DEMO_GIND(1.0),27/11/23 23:00:00,A,JAN,SK,2011,5392446,
ESTAT:DEMO_GIND(1.0),27/11/23 23:00:00,A,JAN,SK,2012,5404322,
ESTAT:DEMO_GIND(1.0),27/11/23 23:00:00,A,JAN,SK,2013,5410836,
ESTAT:DEMO_GIND(1.0),27/11/23 23:00:00,A,JAN,SK,2014,5415949,
ESTAT:DEMO_GIND(1.0),27/11/23 23:00:00,A,JAN,SK,2015,5421349,
ESTAT:DEMO_GIND(1.0),27/11/23 23:00:00,A,JAN,SK,2016,5426252,
ESTAT:DEMO_GIND(1.0),27/11/23 23:00:00,A,JAN,SK,2017,5435343,
ESTAT:DEMO_GIND(1.0),27/11/23 23:00:00,A,JAN,SK,2018,5443120,
ESTAT:DEMO_GIND(1.0),27/11/23 23:00:00,A,JAN,SK,2019,5450421,
ESTAT:DEMO_GIND(1.0),27/11/23 23:00:00,A,JAN,SK,2020,5457873,
ESTAT:DEMO_GIND(1.0),27/11/23 23:00:00,A,JAN,SK,2021,5459781,
ESTAT:DEMO_GIND(1.0),27/11/23 23:00:00,A,JAN,SK,2022,5434712,
ESTAT:DEMO_GIND(1.0),27/11/23 23:00:00,A,JAN,SK,2023,5428792,
ESTAT:DEMO_GIND(1.0),27/11/23 23:00:00,A,JAN,SM,2004,29241,
ESTAT:DEMO_GIND(1.0),27/11/23 23:00:00,A,JAN,SM,2005,29673,
ESTAT:DEMO_GIND(1.0),27/11/23 23:00:00,A,JAN,SM,2006,29999,
ESTAT:DEMO_GIND(1.0),27/11/23 23:00:00,A,JAN,SM,2007,30368,
ESTAT:DEMO_GIND(1.0),27/11/23 23:00:00,A,JAN,SM,2008,32054,
ESTAT:DEMO_GIND(1.0),27/11/23 23:00:00,A,JAN,SM,2009,31269,
ESTAT:DEMO_GIND(1.0),27/11/23 23:00:00,A,JAN,SM,2011,31863,
ESTAT:DEMO_GIND(1.0),27/11/23 23:00:00,A,JAN,SM,2012,33376,
ESTAT:DEMO_GIND(1.0),27/11/23 23:00:00,A,JAN,SM,2013,33562,
ESTAT:DEMO_GIND(1.0),27/11/23 23:00:00,A,JAN,SM,2014,32520,
ESTAT:DEMO_GIND(1.0),27/11/23 23:00:00,A,JAN,SM,2015,32789,
ESTAT:DEMO_GIND(1.0),27/11/23 23:00:00,A,JAN,SM,2016,33005,
ESTAT:DEMO_GIND(1.0),27/11/23 23:00:00,A,JAN,SM,2017,33196,
ESTAT:DEMO_GIND(1.0),27/11/23 23:00:00,A,JAN,SM,2018,34453,
ESTAT:DEMO_GIND(1.0),27/11/23 23:00:00,A,JAN,SM,2019,34590,
ESTAT:DEMO_GIND(1.0),27/11/23 23:00:00,A,JAN,SM,2020,34735,
ESTAT:DEMO_GIND(1.0),27/11/23 23:00:00,A,JAN,SM,2021,34805,
ESTAT:DEMO_GIND(1.0),27/11/23 23:00:00,A,JAN,SM,2022,33698,
ESTAT:DEMO_GIND(1.0),27/11/23 23:00:00,A,JAN,SM,2023,33812,
ESTAT:DEMO_GIND(1.0),27/11/23 23:00:00,A,JAN,TR,2001,64729501,b
ESTAT:DEMO_GIND(1.0),27/11/23 23:00:00,A,JAN,TR,2002,65603160,
ESTAT:DEMO_GIND(1.0),27/11/23 23:00:00,A,JAN,TR,2003,66401851,
ESTAT:DEMO_GIND(1.0),27/11/23 23:00:00,A,JAN,TR,2004,67187251,
ESTAT:DEMO_GIND(1.0),27/11/23 23:00:00,A,JAN,TR,2005,68010221,
ESTAT:DEMO_GIND(1.0),27/11/23 23:00:00,A,JAN,TR,2006,68860539,
ESTAT:DEMO_GIND(1.0),27/11/23 23:00:00,A,JAN,TR,2007,69729967,
ESTAT:DEMO_GIND(1.0),27/11/23 23:00:00,A,JAN,TR,2008,70586256,
ESTAT:DEMO_GIND(1.0),27/11/23 23:00:00,A,JAN,TR,2009,71517100,
ESTAT:DEMO_GIND(1.0),27/11/23 23:00:00,A,JAN,TR,2010,72561312,
ESTAT:DEMO_GIND(1.0),27/11/23 23:00:00,A,JAN,TR,2011,73722988,
ESTAT:DEMO_GIND(1.0),27/11/23 23:00:00,A,JAN,TR,2012,74724269,
ESTAT:DEMO_GIND(1.0),27/11/23 23:00:00,A,JAN,TR,2013,75627384,
ESTAT:DEMO_GIND(1.0),27/11/23 23:00:00,A,JAN,TR,2014,76667864,
ESTAT:DEMO_GIND(1.0),27/11/23 23:00:00,A,JAN,TR,2015,77695904,
ESTAT:DEMO_GIND(1.0),27/11/23 23:00:00,A,JAN,TR,2016,78741053,
ESTAT:DEMO_GIND(1.0),27/11/23 23:00:00,A,JAN,TR,2017,79814871,
ESTAT:DEMO_GIND(1.0),27/11/23 23:00:00,A,JAN,TR,2018,80810525,
ESTAT:DEMO_GIND(1.0),27/11/23 23:00:00,A,JAN,TR,2019,82003882,be
ESTAT:DEMO_GIND(1.0),27/11/23 23:00:00,A,JAN,TR,2020,83154997,
ESTAT:DEMO_GIND(1.0),27/11/23 23:00:00,A,JAN,TR,2021,83614362,
ESTAT:DEMO_GIND(1.0),27/11/23 23:00:00,A,JAN,TR,2022,84680273,
ESTAT:DEMO_GIND(1.0),27/11/23 23:00:00,A,JAN,TR,2023,85279553,
ESTAT:DEMO_GIND(1.0),27/11/23 23:00:00,A,JAN,UA,2001,48663609,
ESTAT:DEMO_GIND(1.0),27/11/23 23:00:00,A,JAN,UA,2002,48240902,
ESTAT:DEMO_GIND(1.0),27/11/23 23:00:00,A,JAN,UA,2003,47823108,
ESTAT:DEMO_GIND(1.0),27/11/23 23:00:00,A,JAN,UA,2004,47442079,
ESTAT:DEMO_GIND(1.0),27/11/23 23:00:00,A,JAN,UA,2005,47100462,
ESTAT:DEMO_GIND(1.0),27/11/23 23:00:00,A,JAN,UA,2006,46749170,
ESTAT:DEMO_GIND(1.0),27/11/23 23:00:00,A,JAN,UA,2007,46465691,
ESTAT:DEMO_GIND(1.0),27/11/23 23:00:00,A,JAN,UA,2008,46192309,
ESTAT:DEMO_GIND(1.0),27/11/23 23:00:00,A,JAN,UA,2009,45963359,
ESTAT:DEMO_GIND(1.0),27/11/23 23:00:00,A,JAN,UA,2010,45782592,
ESTAT:DEMO_GIND(1.0),27/11/23 23:00:00,A,JAN,UA,2011,45598179,
ESTAT:DEMO_GIND(1.0),27/11/23 23:00:00,A,JAN,UA,2012,45453282,
ESTAT:DEMO_GIND(1.0),27/11/23 23:00:00,A,JAN,UA,2013,45372692,
ESTAT:DEMO_GIND(1.0),27/11/23 23:00:00,A,JAN,UA,2014,45245894,
ESTAT:DEMO_GIND(1.0),27/11/23 23:00:00,A,JAN,UA,2015,42759661,b
ESTAT:DEMO_GIND(1.0),27/11/23 23:00:00,A,JAN,UA,2016,42590879,
ESTAT:DEMO_GIND(1.0),27/11/23 23:00:00,A,JAN,UA,2017,42414905,
ESTAT:DEMO_GIND(1.0),27/11/23 23:00:00,A,JAN,UA,2018,42216766,
ESTAT:DEMO_GIND(1.0),27/11/23 23:00:00,A,JAN,UA,2019,41983564,
ESTAT:DEMO_GIND(1.0),27/11/23 23:00:00,A,JAN,UA,2020,41732779,
ESTAT:DEMO_GIND(1.0),27/11/23 23:00:00,A,JAN,UA,2021,41418717,
ESTAT:DEMO_GIND(1.0),27/11/23 23:00:00,A,JAN,UA,2022,40997698,e
ESTAT:DEMO_GIND(1.0),27/11/23 23:00:00,A,JAN,UK,2001,58999781,
ESTAT:DEMO_GIND(1.0),27/11/23 23:00:00,A,JAN,UK,2002,59239564,
ESTAT:DEMO_GIND(1.0),27/11/23 23:00:00,A,JAN,UK,2003,59501394,
ESTAT:DEMO_GIND(1.0),27/11/23 23:00:00,A,JAN,UK,2004,59793759,
ESTAT:DEMO_GIND(1.0),27/11/23 23:00:00,A,JAN,UK,2005,60182050,
ESTAT:DEMO_GIND(1.0),27/11/23 23:00:00,A,JAN,UK,2006,60620361,
ESTAT:DEMO_GIND(1.0),27/11/23 23:00:00,A,JAN,UK,2007,61073279,
ESTAT:DEMO_GIND(1.0),27/11/23 23:00:00,A,JAN,UK,2008,61571647,
ESTAT:DEMO_GIND(1.0),27/11/23 23:00:00,A,JAN,UK,2009,62042343,
ESTAT:DEMO_GIND(1.0),27/11/23 23:00:00,A,JAN,UK,2010,62510197,
ESTAT:DEMO_GIND(1.0),27/11/23 23:00:00,A,JAN,UK,2011,63022532,
ESTAT:DEMO_GIND(1.0),27/11/23 23:00:00,A,JAN,UK,2012,63495088,
ESTAT:DEMO_GIND(1.0),27/11/23 23:00:00,A,JAN,UK,2013,63905342,
ESTAT:DEMO_GIND(1.0),27/11/23 23:00:00,A,JAN,UK,2014,64351203,
ESTAT:DEMO_GIND(1.0),27/11/23 23:00:00,A,JAN,UK,2015,64853393,
ESTAT:DEMO_GIND(1.0),27/11/23 23:00:00,A,JAN,UK,2016,65379044,
ESTAT:DEMO_GIND(1.0),27/11/23 23:00:00,A,JAN,UK,2017,65844142,
ESTAT:DEMO_GIND(1.0),27/11/23 23:00:00,A,JAN,UK,2018,66273576,
ESTAT:DEMO_GIND(1.0),27/11/23 23:00:00,A,JAN,UK,2019,66647112,
ESTAT:DEMO_GIND(1.0),27/11/23 23:00:00,A,JAN,UK,2020,67025542,
ESTAT:DEMO_GIND(1.0),27/11/23 23:00:00,A,JAN,XK,2003,1985000,
ESTAT:DEMO_GIND(1.0),27/11/23 23:00:00,A,JAN,XK,2004,2016000,
ESTAT:DEMO_GIND(1.0),27/11/23 23:00:00,A,JAN,XK,2005,2041000,
ESTAT:DEMO_GIND(1.0),27/11/23 23:00:00,A,JAN,XK,2006,2100000,
ESTAT:DEMO_GIND(1.0),27/11/23 23:00:00,A,JAN,XK,2007,2126708,
ESTAT:DEMO_GIND(1.0),27/11/23 23:00:00,A,JAN,XK,2008,2153139,
ESTAT:DEMO_GIND(1.0),27/11/23 23:00:00,A,JAN,XK,2009,2180686,
ESTAT:DEMO_GIND(1.0),27/11/23 23:00:00,A,JAN,XK,2010,2208107,
ESTAT:DEMO_GIND(1.0),27/11/23 23:00:00,A,JAN,XK,2011,1794180,b
ESTAT:DEMO_GIND(1.0),27/11/23 23:00:00,A,JAN,XK,2012,1780021,e
ESTAT:DEMO_GIND(1.0),27/11/23 23:00:00,A,JAN,XK,2013,1815606,e
ESTAT:DEMO_GIND(1.0),27/11/23 23:00:00,A,JAN,XK,2014,1820631,e
ESTAT:DEMO_GIND(1.0),27/11/23 23:00:00,A,JAN,XK,2015,1804944,e
ESTAT:DEMO_GIND(1.0),27/11/23 23:00:00,A,JAN,XK,2016,1771604,e
ESTAT:DEMO_GIND(1.0),27/11/23 23:00:00,A,JAN,XK,2017,1783531,e
ESTAT:DEMO_GIND(1.0),27/11/23 23:00:00,A,JAN,XK,2018,1798506,
ESTAT:DEMO_GIND(1.0),27/11/23 23:00:00,A,JAN,XK,2019,1795666,
ESTAT:DEMO_GIND(1.0),27/11/23 23:00:00,A,JAN,XK,2020,1782115,
ESTAT:DEMO_GIND(1.0),27/11/23 23:00:00,A,JAN,XK,2021,1798188,e
